<TICKER>,<DTYYYYMMDD>,<OPEN>,<HIGH>,<LOW>,<CLOSE>,<VOL>,<OPENINT>,<OPENINT>,<OPENINT>
ثزاگرس-ت,13930706,0,0,0,528.09,0,0.00,0,528
ثزاگرس-ت,13930707,0,0,0,528.09,0,0.00,0,528
ثزاگرس-ت,13930708,0,0,0,528.09,0,0.00,0,528
ثزاگرس-ت,13930709,0,0,0,528.09,0,0.00,0,528
ثزاگرس-ت,13930712,0,0,0,528.09,0,0.00,0,528
ثزاگرس-ت,13930714,0,0,0,528.09,0,0.00,0,528
ثزاگرس-ت,13930715,0,0,0,528.09,0,0.00,0,528
ثزاگرس-ت,13930716,0,0,0,528.09,0,0.00,0,528
ثزاگرس-ت,13930719,0,0,0,528.09,0,0.00,0,528
ثزاگرس-ت,13930720,0,0,0,528.09,0,0.00,0,528
ثزاگرس-ت,13930722,0,0,0,528.09,0,0.00,0,528
ثزاگرس-ت,13930723,0,0,0,528.09,0,0.00,0,528
ثزاگرس-ت,13930726,0,0,0,528.09,0,0.00,0,528
ثزاگرس-ت,13930727,0,0,0,528.09,0,0.00,0,528
ثزاگرس-ت,13930728,0,0,0,528.09,0,0.00,0,528
ثزاگرس-ت,13930729,0,0,0,528.09,0,0.00,0,528
ثزاگرس-ت,13930730,0,0,0,528.09,0,0.00,0,528
ثزاگرس-ت,13930803,0,0,0,528.09,0,0.00,0,528
ثزاگرس-ت,13930804,0,0,0,528.09,0,0.00,0,528
ثزاگرس-ت,13930805,0,0,0,528.09,0,0.00,0,528
ثزاگرس-ت,13930806,0,0,0,528.09,0,0.00,0,528
ثزاگرس-ت,13930807,0,0,0,528.09,0,0.00,0,528
ثزاگرس-ت,13930810,0,0,0,528.09,0,0.00,0,528
ثزاگرس-ت,13930811,0,0,0,528.09,0,0.00,0,528
ثزاگرس-ت,13930814,0,0,0,528.09,0,0.00,0,528
ثزاگرس-ت,13930817,0,0,0,528.09,0,0.00,0,528
ثزاگرس-ت,13930818,0,0,0,528.09,0,0.00,0,528
ثزاگرس-ت,13930819,0,0,0,528.09,0,0.00,0,528
ثزاگرس-ت,13930820,0,0,0,528.09,0,0.00,0,528
ثزاگرس-ت,13930821,0,0,0,528.09,0,0.00,0,528
ثزاگرس-ت,13930824,0,0,0,528.09,0,0.00,0,528
ثزاگرس-ت,13930825,0,0,0,528.09,0,0.00,0,528
ثزاگرس-ت,13930826,0,0,0,528.09,0,0.00,0,528
ثزاگرس-ت,13930827,0,0,0,528.09,0,0.00,0,528
ثزاگرس-ت,13930828,0,0,0,528.09,0,0.00,0,528
ثزاگرس-ت,13930901,0,0,0,528.09,0,0.00,0,528
ثزاگرس-ت,13930902,0,0,0,528.09,0,0.00,0,528
ثزاگرس-ت,13930903,0,0,0,528.09,0,0.00,0,528
ثزاگرس-ت,13930904,0,0,0,528.09,0,0.00,0,528
ثزاگرس-ت,13930905,0,0,0,528.09,0,0.00,0,528
ثزاگرس-ت,13930908,0,0,0,528.09,0,0.00,0,528
ثزاگرس-ت,13930909,0,0,0,528.09,0,0.00,0,528
ثزاگرس-ت,13930910,0,0,0,528.09,0,0.00,0,528
ثزاگرس-ت,13930911,0,0,0,528.09,0,0.00,0,528
ثزاگرس-ت,13930912,0,0,0,528.09,0,0.00,0,528
ثزاگرس-ت,13930915,0,0,0,528.09,0,0.00,0,528
ثزاگرس-ت,13930916,0,0,0,528.09,0,0.00,0,528
ثزاگرس-ت,13930917,0,0,0,528.09,0,0.00,0,528
ثزاگرس-ت,13930918,0,0,0,528.09,0,0.00,0,528
ثزاگرس-ت,13930919,0,0,0,528.09,0,0.00,0,528
ثزاگرس-ت,13930923,0,0,0,528.09,0,0.00,0,528
ثزاگرس-ت,13930924,0,0,0,528.09,0,0.00,0,528
ثزاگرس-ت,13930925,0,0,0,528.09,0,0.00,0,528
ثزاگرس-ت,13930926,0,0,0,528.09,0,0.00,0,528
ثزاگرس-ت,13930929,0,0,0,528.09,0,0.00,0,528
ثزاگرس-ت,13931001,0,0,0,528.09,0,0.00,0,528
ثزاگرس-ت,13931003,0,0,0,528.09,0,0.00,0,528
ثزاگرس-ت,13931006,0,0,0,528.09,0,0.00,0,528
ثزاگرس-ت,13931007,0,0,0,528.09,0,0.00,0,528
ثزاگرس-ت,13931008,0,0,0,528.09,0,0.00,0,528
ثزاگرس-ت,13931009,0,0,0,528.09,0,0.00,0,528
ثزاگرس-ت,13931010,0,0,0,528.09,0,0.00,0,528
ثزاگرس-ت,13931013,0,0,0,528.09,0,0.00,0,528
ثزاگرس-ت,13931014,0,0,0,528.09,0,0.00,0,528
ثزاگرس-ت,13931015,0,0,0,528.09,0,0.00,0,528
ثزاگرس-ت,13931016,0,0,0,528.09,0,0.00,0,528
ثزاگرس-ت,13931017,0,0,0,528.09,0,0.00,0,528
ثزاگرس-ت,13931020,0,0,0,528.09,0,0.00,0,528
ثزاگرس-ت,13931021,0,0,0,528.09,0,0.00,0,528
ثزاگرس-ت,13931022,0,0,0,528.09,0,0.00,0,528
ثزاگرس-ت,13931023,0,0,0,528.09,0,0.00,0,528
ثزاگرس-ت,13931024,0,0,0,528.09,0,0.00,0,528
ثزاگرس-ت,13931027,0,0,0,528.09,0,0.00,0,528
ثزاگرس-ت,13931028,0,0,0,528.09,0,0.00,0,528
ثزاگرس-ت,13931029,0,0,0,528.09,0,0.00,0,528
ثزاگرس-ت,13931030,0,0,0,528.09,0,0.00,0,528
ثزاگرس-ت,13931101,0,0,0,528.09,0,0.00,0,528
ثزاگرس-ت,13931104,0,0,0,528.09,0,0.00,0,528
ثزاگرس-ت,13931105,0,0,0,528.09,0,0.00,0,528
ثزاگرس-ت,13931106,0,0,0,528.09,0,0.00,0,528
ثزاگرس-ت,13931107,0,0,0,528.09,0,0.00,0,528
ثزاگرس-ت,13931108,0,0,0,528.09,0,0.00,0,528
ثزاگرس-ت,13931111,0,0,0,528.09,0,0.00,0,528
ثزاگرس-ت,13931112,0,0,0,528.09,0,0.00,0,528
ثزاگرس-ت,13931113,0,0,0,528.09,0,0.00,0,528
ثزاگرس-ت,13931114,0,0,0,528.09,0,0.00,0,528
ثزاگرس-ت,13931115,0,0,0,528.09,0,0.00,0,528
ثزاگرس-ت,13931118,0,0,0,528.09,0,0.00,0,528
ثزاگرس-ت,13931119,0,0,0,528.09,0,0.00,0,528
ثزاگرس-ت,13931120,0,0,0,528.09,0,0.00,0,528
ثزاگرس-ت,13931121,0,0,0,528.09,0,0.00,0,528
ثزاگرس-ت,13931125,0,0,0,528.09,0,0.00,0,528
ثزاگرس-ت,13931126,0,0,0,528.09,0,0.00,0,528
ثزاگرس-ت,13931127,0,0,0,528.09,0,0.00,0,528
ثزاگرس-ت,13931128,0,0,0,528.09,0,0.00,0,528
ثزاگرس-ت,13931129,0,0,0,528.09,0,0.00,0,528
ثزاگرس-ت,13931202,0,0,0,528.09,0,0.00,0,528
ثزاگرس-ت,13931203,0,0,0,528.09,0,0.00,0,528
ثزاگرس-ت,13931204,0,0,0,528.09,0,0.00,0,528
ثزاگرس-ت,13931205,0,0,0,528.09,0,0.00,0,528
ثزاگرس-ت,13931206,0,0,0,528.09,0,0.00,0,528
ثزاگرس-ت,13931209,0,0,0,528.09,0,0.00,0,528
ثزاگرس-ت,13931210,0,0,0,528.09,0,0.00,0,528
ثزاگرس-ت,13931211,0,0,0,528.09,0,0.00,0,528
ثزاگرس-ت,13931212,0,0,0,528.09,0,0.00,0,528
ثزاگرس-ت,13931213,0,0,0,528.09,0,0.00,0,528
ثزاگرس-ت,13931216,0,0,0,528.09,0,0.00,0,528
ثزاگرس-ت,13931217,0,0,0,528.09,0,0.00,0,528
ثزاگرس-ت,13931218,0,0,0,528.09,0,0.00,0,528
ثزاگرس-ت,13931219,0,0,0,528.09,0,0.00,0,528
ثزاگرس-ت,13931220,0,0,0,528.09,0,0.00,0,528
ثزاگرس-ت,13931223,0,0,0,528.09,0,0.00,0,528
ثزاگرس-ت,13931224,0,0,0,528.09,0,0.00,0,528
ثزاگرس-ت,13931225,0,0,0,528.09,0,0.00,0,528
ثزاگرس-ت,13931226,0,0,0,528.09,0,0.00,0,528
ثزاگرس-ت,13931227,0,0,0,528.09,0,0.00,0,528
ثزاگرس-ت,13940105,0,0,0,528.09,0,0.00,0,528
ثزاگرس-ت,13940108,0,0,0,528.09,0,0.00,0,528
ثزاگرس-ت,13940109,0,0,0,528.09,0,0.00,0,528
ثزاگرس-ت,13940110,0,0,0,528.09,0,0.00,0,528
ثزاگرس-ت,13940111,0,0,0,528.09,0,0.00,0,528
ثزاگرس-ت,13940115,0,0,0,528.09,0,0.00,0,528
ثزاگرس-ت,13940116,0,0,0,528.09,0,0.00,0,528
ثزاگرس-ت,13940117,0,0,0,528.09,0,0.00,0,528
ثزاگرس-ت,13940118,0,0,0,528.09,0,0.00,0,528
ثزاگرس-ت,13940119,0,0,0,528.09,0,0.00,0,528
ثزاگرس-ت,13940122,0,0,0,528.09,0,0.00,0,528
ثزاگرس-ت,13940123,0,0,0,528.09,0,0.00,0,528
ثزاگرس-ت,13940124,0,0,0,528.09,0,0.00,0,528
ثزاگرس-ت,13940125,0,0,0,528.09,0,0.00,0,528
ثزاگرس-ت,13940126,0,0,0,528.09,0,0.00,0,528
ثزاگرس-ت,13940129,0,0,0,528.09,0,0.00,0,528
ثزاگرس-ت,13940130,0,0,0,528.09,0,0.00,0,528
ثزاگرس-ت,13940131,0,0,0,528.09,0,0.00,0,528
ثزاگرس-ت,13940201,0,0,0,528.09,0,0.00,0,528
ثزاگرس-ت,13940202,0,0,0,528.09,0,0.00,0,528
ثزاگرس-ت,13940205,0,0,0,528.09,0,0.00,0,528
ثزاگرس-ت,13940206,0,0,0,528.09,0,0.00,0,528
ثزاگرس-ت,13940207,0,0,0,528.09,0,0.00,0,528
ثزاگرس-ت,13940208,0,0,0,528.09,0,0.00,0,528
ثزاگرس-ت,13940209,0,0,0,528.09,0,0.00,0,528
ثزاگرس-ت,13940213,0,0,0,528.09,0,0.00,0,528
ثزاگرس-ت,13940214,0,0,0,528.09,0,0.00,0,528
ثزاگرس-ت,13940215,0,0,0,528.09,0,0.00,0,528
ثزاگرس-ت,13940216,0,0,0,528.09,0,0.00,0,528
ثزاگرس-ت,13940219,0,0,0,528.09,0,0.00,0,528
ثزاگرس-ت,13940220,0,0,0,528.09,0,0.00,0,528
ثزاگرس-ت,13940221,0,0,0,528.09,0,0.00,0,528
ثزاگرس-ت,13940222,0,0,0,528.09,0,0.00,0,528
ثزاگرس-ت,13940223,0,0,0,528.09,0,0.00,0,528
ثزاگرس-ت,13940227,0,0,0,528.09,0,0.00,0,528
ثزاگرس-ت,13940228,0,0,0,528.09,0,0.00,0,528
ثزاگرس-ت,13940229,0,0,0,528.09,0,0.00,0,528
ثزاگرس-ت,13940230,0,0,0,528.09,0,0.00,0,528
ثزاگرس-ت,13940302,0,0,0,528.09,0,0.00,0,528
ثزاگرس-ت,13940303,0,0,0,528.09,0,0.00,0,528
ثزاگرس-ت,13940304,0,0,0,528.09,0,0.00,0,528
ثزاگرس-ت,13940305,0,0,0,528.09,0,0.00,0,528
ثزاگرس-ت,13940306,0,0,0,528.09,0,0.00,0,528
ثزاگرس-ت,13940309,0,0,0,528.09,0,0.00,0,528
ثزاگرس-ت,13940310,0,0,0,528.09,0,0.00,0,528
ثزاگرس-ت,13940311,0,0,0,528.09,0,0.00,0,528
ثزاگرس-ت,13940312,0,0,0,528.09,0,0.00,0,528
ثزاگرس-ت,13940316,0,0,0,528.09,0,0.00,0,528
ثزاگرس-ت,13940317,0,0,0,528.09,0,0.00,0,528
ثزاگرس-ت,13940318,0,0,0,528.09,0,0.00,0,528
ثزاگرس-ت,13940319,0,0,0,528.09,0,0.00,0,528
ثزاگرس-ت,13940320,0,0,0,528.09,0,0.00,0,528
ثزاگرس-ت,13940323,0,0,0,528.09,0,0.00,0,528
ثزاگرس-ت,13940324,0,0,0,528.09,0,0.00,0,528
ثزاگرس-ت,13940325,0,0,0,528.09,0,0.00,0,528
ثزاگرس-ت,13940326,0,0,0,528.09,0,0.00,0,528
ثزاگرس-ت,13940327,0,0,0,528.09,0,0.00,0,528
ثزاگرس-ت,13940330,0,0,0,528.09,0,0.00,0,528
ثزاگرس-ت,13940331,0,0,0,528.09,0,0.00,0,528
ثزاگرس-ت,13940401,0,0,0,528.09,0,0.00,0,528
ثزاگرس-ت,13940402,0,0,0,528.09,0,0.00,0,528
ثزاگرس-ت,13940403,0,0,0,528.09,0,0.00,0,528
ثزاگرس-ت,13940406,0,0,0,528.09,0,0.00,0,528
ثزاگرس-ت,13940407,0,0,0,528.09,0,0.00,0,528
ثزاگرس-ت,13940408,0,0,0,528.09,0,0.00,0,528
ثزاگرس-ت,13940409,0,0,0,528.09,0,0.00,0,528
ثزاگرس-ت,13940410,0,0,0,528.09,0,0.00,0,528
ثزاگرس-ت,13940413,0,0,0,528.09,0,0.00,0,528
ثزاگرس-ت,13940414,0,0,0,528.09,0,0.00,0,528
ثزاگرس-ت,13940415,0,0,0,528.09,0,0.00,0,528
ثزاگرس-ت,13940416,0,0,0,528.09,0,0.00,0,528
ثزاگرس-ت,13940420,0,0,0,528.09,0,0.00,0,528
ثزاگرس-ت,13940421,0,0,0,528.09,0,0.00,0,528
ثزاگرس-ت,13940422,0,0,0,528.09,0,0.00,0,528
ثزاگرس-ت,13940423,0,0,0,528.09,0,0.00,0,528
ثزاگرس-ت,13940424,0,0,0,528.09,0,0.00,0,528
ثزاگرس-ت,13940428,0,0,0,528.09,0,0.00,0,528
ثزاگرس-ت,13940429,0,0,0,528.09,0,0.00,0,528
ثزاگرس-ت,13940430,0,0,0,528.09,0,0.00,0,528
ثزاگرس-ت,13940431,0,0,0,528.09,0,0.00,0,528
ثزاگرس-ت,13940503,0,0,0,528.09,0,0.00,0,528
ثزاگرس-ت,13940504,0,0,0,528.09,0,0.00,0,528
ثزاگرس-ت,13940505,0,0,0,528.09,0,0.00,0,528
ثزاگرس-ت,13940506,0,0,0,528.09,0,0.00,0,528
ثزاگرس-ت,13940507,0,0,0,528.09,0,0.00,0,528
ثزاگرس-ت,13940510,0,0,0,528.09,0,0.00,0,528
ثزاگرس-ت,13940511,0,0,0,528.09,0,0.00,0,528
ثزاگرس-ت,13940512,0,0,0,528.09,0,0.00,0,528
ثزاگرس-ت,13940513,0,0,0,528.09,0,0.00,0,528
ثزاگرس-ت,13940514,0,0,0,528.09,0,0.00,0,528
ثزاگرس-ت,13940517,0,0,0,528.09,0,0.00,0,528
ثزاگرس-ت,13940518,0,0,0,528.09,0,0.00,0,528
ثزاگرس-ت,13940519,0,0,0,528.09,0,0.00,0,528
ثزاگرس-ت,13940521,0,0,0,528.09,0,0.00,0,528
ثزاگرس-ت,13940524,0,0,0,528.09,0,0.00,0,528
ثزاگرس-ت,13940525,0,0,0,528.09,0,0.00,0,528
ثزاگرس-ت,13940526,0,0,0,528.09,0,0.00,0,528
ثزاگرس-ت,13940527,0,0,0,528.09,0,0.00,0,528
ثزاگرس-ت,13940528,0,0,0,528.09,0,0.00,0,528
ثزاگرس-ت,13940531,0,0,0,528.09,0,0.00,0,528
ثزاگرس-ت,13940601,0,0,0,528.09,0,0.00,0,528
ثزاگرس-ت,13940602,0,0,0,528.09,0,0.00,0,528
ثزاگرس-ت,13940603,0,0,0,528.09,0,0.00,0,528
ثزاگرس-ت,13940604,0,0,0,528.09,0,0.00,0,528
ثزاگرس-ت,13940607,0,0,0,528.09,0,0.00,0,528
ثزاگرس-ت,13940608,0,0,0,528.09,0,0.00,0,528
ثزاگرس-ت,13940609,0,0,0,528.09,0,0.00,0,528
ثزاگرس-ت,13940610,0,0,0,528.09,0,0.00,0,528
ثزاگرس-ت,13940611,0,0,0,528.09,0,0.00,0,528
ثزاگرس-ت,13940614,0,0,0,528.09,0,0.00,0,528
ثزاگرس-ت,13940615,0,0,0,528.09,0,0.00,0,528
ثزاگرس-ت,13940616,0,0,0,528.09,0,0.00,0,528
ثزاگرس-ت,13940617,0,0,0,528.09,0,0.00,0,528
ثزاگرس-ت,13940618,0,0,0,528.09,0,0.00,0,528
ثزاگرس-ت,13940621,0,0,0,528.09,0,0.00,0,528
ثزاگرس-ت,13940622,0,0,0,528.09,0,0.00,0,528
ثزاگرس-ت,13940623,0,0,0,528.09,0,0.00,0,528
ثزاگرس-ت,13940624,0,0,0,528.09,0,0.00,0,528
ثزاگرس-ت,13940625,0,0,0,528.09,0,0.00,0,528
ثزاگرس-ت,13940628,0,0,0,528.09,0,0.00,0,528
ثزاگرس-ت,13940629,0,0,0,528.09,0,0.00,0,528
ثزاگرس-ت,13940630,0,0,0,528.09,0,0.00,0,528
ثزاگرس-ت,13940631,0,0,0,528.09,0,0.00,0,528
ثزاگرس-ت,13940701,0,0,0,528.09,0,0.00,0,528
ثزاگرس-ت,13940704,0,0,0,528.09,0,0.00,0,528
ثزاگرس-ت,13940705,0,0,0,528.09,0,0.00,0,528
ثزاگرس-ت,13940706,0,0,0,528.09,0,0.00,0,528
ثزاگرس-ت,13940707,0,0,0,528.09,0,0.00,0,528
ثزاگرس-ت,13940708,0,0,0,528.09,0,0.00,0,528
ثزاگرس-ت,13940711,0,0,0,528.09,0,0.00,0,528
ثزاگرس-ت,13940712,0,0,0,528.09,0,0.00,0,528
ثزاگرس-ت,13940713,0,0,0,528.09,0,0.00,0,528
ثزاگرس-ت,13940714,0,0,0,528.09,0,0.00,0,528
ثزاگرس-ت,13940715,0,0,0,528.09,0,0.00,0,528
ثزاگرس-ت,13940718,0,0,0,528.09,0,0.00,0,528
ثزاگرس-ت,13940719,0,0,0,528.09,0,0.00,0,528
ثزاگرس-ت,13940720,0,0,0,528.09,0,0.00,0,528
ثزاگرس-ت,13940721,0,0,0,528.09,0,0.00,0,528
ثزاگرس-ت,13940722,0,0,0,528.09,0,0.00,0,528
ثزاگرس-ت,13940725,0,0,0,528.09,0,0.00,0,528
ثزاگرس-ت,13940726,0,0,0,528.09,0,0.00,0,528
ثزاگرس-ت,13940727,0,0,0,528.09,0,0.00,0,528
ثزاگرس-ت,13940728,0,0,0,528.09,0,0.00,0,528
ثزاگرس-ت,13940729,0,0,0,528.09,0,0.00,0,528
ثزاگرس-ت,13940803,0,0,0,528.09,0,0.00,0,528
ثزاگرس-ت,13940804,0,0,0,528.09,0,0.00,0,528
ثزاگرس-ت,13940805,0,0,0,528.09,0,0.00,0,528
ثزاگرس-ت,13940806,0,0,0,528.09,0,0.00,0,528
ثزاگرس-ت,13940809,0,0,0,528.09,0,0.00,0,528
ثزاگرس-ت,13940810,0,0,0,528.09,0,0.00,0,528
ثزاگرس-ت,13940811,0,0,0,528.09,0,0.00,0,528
ثزاگرس-ت,13940812,0,0,0,528.09,0,0.00,0,528
ثزاگرس-ت,13940813,0,0,0,528.09,0,0.00,0,528
ثزاگرس-ت,13940816,0,0,0,528.09,0,0.00,0,528
ثزاگرس-ت,13940817,0,0,0,528.09,0,0.00,0,528
ثزاگرس-ت,13940818,0,0,0,528.09,0,0.00,0,528
ثزاگرس-ت,13940819,0,0,0,528.09,0,0.00,0,528
ثزاگرس-ت,13940820,0,0,0,528.09,0,0.00,0,528
ثزاگرس-ت,13940823,0,0,0,528.09,0,0.00,0,528
ثزاگرس-ت,13940824,0,0,0,528.09,0,0.00,0,528
ثزاگرس-ت,13940825,0,0,0,528.09,0,0.00,0,528
ثزاگرس-ت,13940826,0,0,0,528.09,0,0.00,0,528
ثزاگرس-ت,13940827,0,0,0,528.09,0,0.00,0,528
ثزاگرس-ت,13940830,0,0,0,528.09,0,0.00,0,528
ثزاگرس-ت,13940901,0,0,0,528.09,0,0.00,0,528
ثزاگرس-ت,13940902,0,0,0,528.09,0,0.00,0,528
ثزاگرس-ت,13940903,0,0,0,528.09,0,0.00,0,528
ثزاگرس-ت,13940904,0,0,0,528.09,0,0.00,0,528
ثزاگرس-ت,13940907,0,0,0,528.09,0,0.00,0,528
ثزاگرس-ت,13940908,0,0,0,528.09,0,0.00,0,528
ثزاگرس-ت,13940909,0,0,0,528.09,0,0.00,0,528
ثزاگرس-ت,13940910,0,0,0,528.09,0,0.00,0,528
ثزاگرس-ت,13940914,0,0,0,528.09,0,0.00,0,528
ثزاگرس-ت,13940915,0,0,0,528.09,0,0.00,0,528
ثزاگرس-ت,13940916,0,0,0,528.09,0,0.00,0,528
ثزاگرس-ت,13940917,0,0,0,528.09,0,0.00,0,528
ثزاگرس-ت,13940918,0,0,0,528.09,0,0.00,0,528
ثزاگرس-ت,13940922,0,0,0,528.09,0,0.00,0,528
ثزاگرس-ت,13940923,0,0,0,528.09,0,0.00,0,528
ثزاگرس-ت,13940924,0,0,0,528.09,0,0.00,0,528
ثزاگرس-ت,13940925,0,0,0,528.09,0,0.00,0,528
ثزاگرس-ت,13940928,0,0,0,528.09,0,0.00,0,528
ثزاگرس-ت,13940929,0,0,0,528.09,0,0.00,0,528
ثزاگرس-ت,13940930,0,0,0,528.09,0,0.00,0,528
ثزاگرس-ت,13941001,0,0,0,528.09,0,0.00,0,528
ثزاگرس-ت,13941002,0,0,0,528.09,0,0.00,0,528
ثزاگرس-ت,13941005,0,0,0,528.09,0,0.00,0,528
ثزاگرس-ت,13941006,0,0,0,528.09,0,0.00,0,528
ثزاگرس-ت,13941007,0,0,0,528.09,0,0.00,0,528
ثزاگرس-ت,13941009,0,0,0,528.09,0,0.00,0,528
ثزاگرس-ت,13941012,0,0,0,528.09,0,0.00,0,528
ثزاگرس-ت,13941013,0,0,0,528.09,0,0.00,0,528
ثزاگرس-ت,13941014,0,0,0,528.09,0,0.00,0,528
ثزاگرس-ت,13941015,0,0,0,528.09,0,0.00,0,528
ثزاگرس-ت,13941016,0,0,0,528.09,0,0.00,0,528
ثزاگرس-ت,13941019,0,0,0,528.09,0,0.00,0,528
ثزاگرس-ت,13941020,0,0,0,528.09,0,0.00,0,528
ثزاگرس-ت,13941021,0,0,0,528.09,0,0.00,0,528
ثزاگرس-ت,13941022,0,0,0,528.09,0,0.00,0,528
ثزاگرس-ت,13941023,0,0,0,528.09,0,0.00,0,528
ثزاگرس-ت,13941026,0,0,0,528.09,0,0.00,0,528
ثزاگرس-ت,13941027,0,0,0,528.09,0,0.00,0,528
ثزاگرس-ت,13941028,0,0,0,528.09,0,0.00,0,528
ثزاگرس-ت,13941029,0,0,0,528.09,0,0.00,0,528
ثزاگرس-ت,13941030,0,0,0,528.09,0,0.00,0,528
ثزاگرس-ت,13941103,0,0,0,528.09,0,0.00,0,528
ثزاگرس-ت,13941104,0,0,0,528.09,0,0.00,0,528
ثزاگرس-ت,13941105,0,0,0,528.09,0,0.00,0,528
ثزاگرس-ت,13941106,0,0,0,528.09,0,0.00,0,528
ثزاگرس-ت,13941107,0,0,0,528.09,0,0.00,0,528
ثزاگرس-ت,13941110,0,0,0,528.09,0,0.00,0,528
ثزاگرس-ت,13941111,0,0,0,528.09,0,0.00,0,528
ثزاگرس-ت,13941112,0,0,0,528.09,0,0.00,0,528
ثزاگرس-ت,13941113,0,0,0,528.09,0,0.00,0,528
ثزاگرس-ت,13941114,0,0,0,528.09,0,0.00,0,528
ثزاگرس-ت,13941117,0,0,0,528.09,0,0.00,0,528
ثزاگرس-ت,13941118,0,0,0,528.09,0,0.00,0,528
ثزاگرس-ت,13941119,0,0,0,528.09,0,0.00,0,528
ثزاگرس-ت,13941120,0,0,0,528.09,0,0.00,0,528
ثزاگرس-ت,13941121,0,0,0,528.09,0,0.00,0,528
ثزاگرس-ت,13941124,0,0,0,528.09,0,0.00,0,528
ثزاگرس-ت,13941125,0,0,0,528.09,0,0.00,0,528
ثزاگرس-ت,13941126,0,0,0,528.09,0,0.00,0,528
ثزاگرس-ت,13941127,0,0,0,528.09,0,0.00,0,528
ثزاگرس-ت,13941128,0,0,0,528.09,0,0.00,0,528
ثزاگرس-ت,13941201,0,0,0,528.09,0,0.00,0,528
ثزاگرس-ت,13941202,0,0,0,528.09,0,0.00,0,528
ثزاگرس-ت,13941203,0,0,0,528.09,0,0.00,0,528
ثزاگرس-ت,13941204,0,0,0,528.09,0,0.00,0,528
ثزاگرس-ت,13941205,0,0,0,528.09,0,0.00,0,528
ثزاگرس-ت,13941208,0,0,0,528.09,0,0.00,0,528
ثزاگرس-ت,13941209,0,0,0,528.09,0,0.00,0,528
ثزاگرس-ت,13941210,0,0,0,528.09,0,0.00,0,528
ثزاگرس-ت,13941211,0,0,0,528.09,0,0.00,0,528
ثزاگرس-ت,13941212,0,0,0,528.09,0,0.00,0,528
ثزاگرس-ت,13941215,0,0,0,528.09,0,0.00,0,528
ثزاگرس-ت,13941216,0,0,0,528.09,0,0.00,0,528
ثزاگرس-ت,13941217,0,0,0,528.09,0,0.00,0,528
ثزاگرس-ت,13941218,0,0,0,528.09,0,0.00,0,528
ثزاگرس-ت,13941219,0,0,0,528.09,0,0.00,0,528
ثزاگرس-ت,13941222,0,0,0,528.09,0,0.00,0,528
ثزاگرس-ت,13941224,0,0,0,528.09,0,0.00,0,528
ثزاگرس-ت,13941225,0,0,0,528.09,0,0.00,0,528
ثزاگرس-ت,13941226,0,0,0,528.09,0,0.00,0,528
ثزاگرس-ت,13950107,0,0,0,528.09,0,0.00,0,528
ثزاگرس-ت,13950108,0,0,0,528.09,0,0.00,0,528
ثزاگرس-ت,13950109,0,0,0,528.09,0,0.00,0,528
ثزاگرس-ت,13950110,0,0,0,528.09,0,0.00,0,528
ثزاگرس-ت,13950111,0,0,0,528.09,0,0.00,0,528
ثزاگرس-ت,13950114,0,0,0,528.09,0,0.00,0,528
ثزاگرس-ت,13950115,0,0,0,528.09,0,0.00,0,528
ثزاگرس-ت,13950116,0,0,0,528.09,0,0.00,0,528
ثزاگرس-ت,13950117,0,0,0,528.09,0,0.00,0,528
ثزاگرس-ت,13950118,0,0,0,528.09,0,0.00,0,528
ثزاگرس-ت,13950121,0,0,0,528.09,0,0.00,0,528
ثزاگرس-ت,13950122,0,0,0,528.09,0,0.00,0,528
ثزاگرس-ت,13950123,0,0,0,528.09,0,0.00,0,528
ثزاگرس-ت,13950124,0,0,0,528.09,0,0.00,0,528
ثزاگرس-ت,13950125,0,0,0,528.09,0,0.00,0,528
ثزاگرس-ت,13950128,0,0,0,528.09,0,0.00,0,528
ثزاگرس-ت,13950129,0,0,0,528.09,0,0.00,0,528
ثزاگرس-ت,13950130,0,0,0,528.09,0,0.00,0,528
ثزاگرس-ت,13950131,0,0,0,528.09,0,0.00,0,528
ثزاگرس-ت,13950201,0,0,0,528.09,0,0.00,0,528
ثزاگرس-ت,13950204,0,0,0,528.09,0,0.00,0,528
ثزاگرس-ت,13950205,0,0,0,528.09,0,0.00,0,528
ثزاگرس-ت,13950206,0,0,0,528.09,0,0.00,0,528
ثزاگرس-ت,13950207,0,0,0,528.09,0,0.00,0,528
ثزاگرس-ت,13950208,0,0,0,528.09,0,0.00,0,528
ثزاگرس-ت,13950211,0,0,0,528.09,0,0.00,0,528
ثزاگرس-ت,13950212,0,0,0,528.09,0,0.00,0,528
ثزاگرس-ت,13950213,0,0,0,528.09,0,0.00,0,528
ثزاگرس-ت,13950214,0,0,0,528.09,0,0.00,0,528
ثزاگرس-ت,13950215,0,0,0,528.09,0,0.00,0,528
ثزاگرس-ت,13950218,0,0,0,528.09,0,0.00,0,528
ثزاگرس-ت,13950219,0,0,0,528.09,0,0.00,0,528
ثزاگرس-ت,13950220,0,0,0,528.09,0,0.00,0,528
ثزاگرس-ت,13950221,0,0,0,528.09,0,0.00,0,528
ثزاگرس-ت,13950222,0,0,0,528.09,0,0.00,0,528
ثزاگرس-ت,13950225,0,0,0,528.09,0,0.00,0,528
ثزاگرس-ت,13950226,0,0,0,528.09,0,0.00,0,528
ثزاگرس-ت,13950227,0,0,0,528.09,0,0.00,0,528
ثزاگرس-ت,13950228,0,0,0,528.09,0,0.00,0,528
ثزاگرس-ت,13950229,0,0,0,528.09,0,0.00,0,528
ثزاگرس-ت,13950301,0,0,0,528.09,0,0.00,0,528
ثزاگرس-ت,13950303,0,0,0,528.09,0,0.00,0,528
ثزاگرس-ت,13950304,0,0,0,528.09,0,0.00,0,528
ثزاگرس-ت,13950305,0,0,0,528.09,0,0.00,0,528
ثزاگرس-ت,13950308,0,0,0,528.09,0,0.00,0,528
ثزاگرس-ت,13950309,0,0,0,528.09,0,0.00,0,528
ثزاگرس-ت,13950310,0,0,0,528.09,0,0.00,0,528
ثزاگرس-ت,13950311,0,0,0,528.09,0,0.00,0,528
ثزاگرس-ت,13950312,0,0,0,528.09,0,0.00,0,528
ثزاگرس-ت,13950316,0,0,0,528.09,0,0.00,0,528
ثزاگرس-ت,13950317,0,0,0,528.09,0,0.00,0,528
ثزاگرس-ت,13950318,0,0,0,528.09,0,0.00,0,528
ثزاگرس-ت,13950319,0,0,0,528.09,0,0.00,0,528
ثزاگرس-ت,13950322,0,0,0,528.09,0,0.00,0,528
ثزاگرس-ت,13950323,0,0,0,528.09,0,0.00,0,528
ثزاگرس-ت,13950324,0,0,0,528.09,0,0.00,0,528
ثزاگرس-ت,13950325,0,0,0,528.09,0,0.00,0,528
ثزاگرس-ت,13950326,0,0,0,528.09,0,0.00,0,528
ثزاگرس-ت,13950329,0,0,0,528.09,0,0.00,0,528
ثزاگرس-ت,13950330,0,0,0,528.09,0,0.00,0,528
ثزاگرس-ت,13950331,0,0,0,528.09,0,0.00,0,528
ثزاگرس-ت,13950401,0,0,0,528.09,0,0.00,0,528
ثزاگرس-ت,13950402,0,0,0,528.09,0,0.00,0,528
ثزاگرس-ت,13950405,0,0,0,528.09,0,0.00,0,528
ثزاگرس-ت,13950406,0,0,0,528.09,0,0.00,0,528
ثزاگرس-ت,13950408,0,0,0,528.09,0,0.00,0,528
ثزاگرس-ت,13950409,0,0,0,528.09,0,0.00,0,528
ثزاگرس-ت,13950412,0,0,0,528.09,0,0.00,0,528
ثزاگرس-ت,13950413,0,0,0,528.09,0,0.00,0,528
ثزاگرس-ت,13950414,0,0,0,528.09,0,0.00,0,528
ثزاگرس-ت,13950415,0,0,0,528.09,0,0.00,0,528
ثزاگرس-ت,13950419,0,0,0,528.09,0,0.00,0,528
ثزاگرس-ت,13950420,0,0,0,528.09,0,0.00,0,528
ثزاگرس-ت,13950421,0,0,0,528.09,0,0.00,0,528
ثزاگرس-ت,13950422,0,0,0,528.09,0,0.00,0,528
ثزاگرس-ت,13950423,0,0,0,528.09,0,0.00,0,528
ثزاگرس-ت,13950426,0,0,0,528.09,0,0.00,0,528
ثزاگرس-ت,13950427,0,0,0,528.09,0,0.00,0,528
ثزاگرس-ت,13950428,0,0,0,528.09,0,0.00,0,528
ثزاگرس-ت,13950429,0,0,0,528.09,0,0.00,0,528
ثزاگرس-ت,13950430,0,0,0,528.09,0,0.00,0,528
ثزاگرس-ت,13950502,0,0,0,528.09,0,0.00,0,528
ثزاگرس-ت,13950503,0,0,0,528.09,0,0.00,0,528
ثزاگرس-ت,13950504,0,0,0,528.09,0,0.00,0,528
ثزاگرس-ت,13950505,0,0,0,528.09,0,0.00,0,528
ثزاگرس-ت,13950506,0,0,0,528.09,0,0.00,0,528
ثزاگرس-ت,13950510,0,0,0,528.09,0,0.00,0,528
ثزاگرس-ت,13950511,0,0,0,528.09,0,0.00,0,528
ثزاگرس-ت,13950512,0,0,0,528.09,0,0.00,0,528
ثزاگرس-ت,13950513,0,0,0,528.09,0,0.00,0,528
ثزاگرس-ت,13950516,0,0,0,528.09,0,0.00,0,528
ثزاگرس-ت,13950517,0,0,0,528.09,0,0.00,0,528
ثزاگرس-ت,13950518,0,0,0,528.09,0,0.00,0,528
ثزاگرس-ت,13950519,0,0,0,528.09,0,0.00,0,528
ثزاگرس-ت,13950520,0,0,0,528.09,0,0.00,0,528
ثزاگرس-ت,13950523,0,0,0,528.09,0,0.00,0,528
ثزاگرس-ت,13950524,0,0,0,528.09,0,0.00,0,528
ثزاگرس-ت,13950525,0,0,0,528.09,0,0.00,0,528
ثزاگرس-ت,13950526,0,0,0,528.09,0,0.00,0,528
ثزاگرس-ت,13950527,0,0,0,528.09,0,0.00,0,528
ثزاگرس-ت,13950530,0,0,0,528.09,0,0.00,0,528
ثزاگرس-ت,13950531,0,0,0,528.09,0,0.00,0,528
ثزاگرس-ت,13950601,0,0,0,528.09,0,0.00,0,528
ثزاگرس-ت,13950602,0,0,0,528.09,0,0.00,0,528
ثزاگرس-ت,13950603,0,0,0,528.09,0,0.00,0,528
ثزاگرس-ت,13950606,0,0,0,528.09,0,0.00,0,528
ثزاگرس-ت,13950607,0,0,0,528.09,0,0.00,0,528
ثزاگرس-ت,13950608,0,0,0,528.09,0,0.00,0,528
ثزاگرس-ت,13950609,0,0,0,528.09,0,0.00,0,528
ثزاگرس-ت,13950610,0,0,0,528.09,0,0.00,0,528
ثزاگرس-ت,13950613,0,0,0,528.09,0,0.00,0,528
ثزاگرس-ت,13950614,0,0,0,528.09,0,0.00,0,528
ثزاگرس-ت,13950615,0,0,0,528.09,0,0.00,0,528
ثزاگرس-ت,13950616,0,0,0,528.09,0,0.00,0,528
ثزاگرس-ت,13950617,0,0,0,528.09,0,0.00,0,528
ثزاگرس-ت,13950620,0,0,0,528.09,0,0.00,0,528
ثزاگرس-ت,13950621,0,0,0,528.09,0,0.00,0,528
ثزاگرس-ت,13950623,0,0,0,528.09,0,0.00,0,528
ثزاگرس-ت,13950624,0,0,0,528.09,0,0.00,0,528
ثزاگرس-ت,13950627,0,0,0,528.09,0,0.00,0,528
ثزاگرس-ت,13950628,0,0,0,528.09,0,0.00,0,528
ثزاگرس-ت,13950629,0,0,0,528.09,0,0.00,0,528
ثزاگرس-ت,13950631,0,0,0,528.09,0,0.00,0,528
ثزاگرس-ت,13950703,0,0,0,528.09,0,0.00,0,528
ثزاگرس-ت,13950704,0,0,0,528.09,0,0.00,0,528
ثزاگرس-ت,13950705,0,0,0,528.09,0,0.00,0,528
ثزاگرس-ت,13950706,0,0,0,528.09,0,0.00,0,528
ثزاگرس-ت,13950707,0,0,0,528.09,0,0.00,0,528
ثزاگرس-ت,13950710,0,0,0,528.09,0,0.00,0,528
ثزاگرس-ت,13950711,0,0,0,528.09,0,0.00,0,528
ثزاگرس-ت,13950712,0,0,0,528.09,0,0.00,0,528
ثزاگرس-ت,13950713,0,0,0,528.09,0,0.00,0,528
ثزاگرس-ت,13950714,0,0,0,528.09,0,0.00,0,528
ثزاگرس-ت,13950717,0,0,0,528.09,0,0.00,0,528
ثزاگرس-ت,13950718,0,0,0,528.09,0,0.00,0,528
ثزاگرس-ت,13950719,0,0,0,528.09,0,0.00,0,528
ثزاگرس-ت,13950721,0,0,0,528.09,0,0.00,0,528
ثزاگرس-ت,13950724,0,0,0,528.09,0,0.00,0,528
ثزاگرس-ت,13950725,0,0,0,528.09,0,0.00,0,528
ثزاگرس-ت,13950726,0,0,0,528.09,0,0.00,0,528
ثزاگرس-ت,13950727,0,0,0,528.09,0,0.00,0,528
ثزاگرس-ت,13950728,0,0,0,528.09,0,0.00,0,528
ثزاگرس-ت,13950801,0,0,0,528.09,0,0.00,0,528
ثزاگرس-ت,13950802,0,0,0,528.09,0,0.00,0,528
ثزاگرس-ت,13950803,0,0,0,528.09,0,0.00,0,528
ثزاگرس-ت,13950804,0,0,0,528.09,0,0.00,0,528
ثزاگرس-ت,13950805,0,0,0,528.09,0,0.00,0,528
ثزاگرس-ت,13950806,0,0,0,528.09,0,0.00,0,528
ثزاگرس-ت,13950807,0,0,0,528.09,0,0.00,0,528
ثزاگرس-ت,13950808,0,0,0,528.09,0,0.00,0,528
ثزاگرس-ت,13950809,0,0,0,528.09,0,0.00,0,528
ثزاگرس-ت,13950810,0,0,0,528.09,0,0.00,0,528
ثزاگرس-ت,13950811,0,0,0,528.09,0,0.00,0,528
ثزاگرس-ت,13950812,0,0,0,528.09,0,0.00,0,528
ثزاگرس-ت,13950815,0,0,0,528.09,0,0.00,0,528
ثزاگرس-ت,13950816,0,0,0,528.09,0,0.00,0,528
ثزاگرس-ت,13950817,0,0,0,528.09,0,0.00,0,528
ثزاگرس-ت,13950818,0,0,0,528.09,0,0.00,0,528
ثزاگرس-ت,13950819,0,0,0,528.09,0,0.00,0,528
ثزاگرس-ت,13950822,0,0,0,528.09,0,0.00,0,528
ثزاگرس-ت,13950823,0,0,0,528.09,0,0.00,0,528
ثزاگرس-ت,13950824,0,0,0,528.09,0,0.00,0,528
ثزاگرس-ت,13950825,0,0,0,528.09,0,0.00,0,528
ثزاگرس-ت,13950826,0,0,0,528.09,0,0.00,0,528
ثزاگرس-ت,13950829,0,0,0,528.09,0,0.00,0,528
ثزاگرس-ت,13950901,0,0,0,528.09,0,0.00,0,528
ثزاگرس-ت,13950902,0,0,0,528.09,0,0.00,0,528
ثزاگرس-ت,13950903,0,0,0,528.09,0,0.00,0,528
ثزاگرس-ت,13950906,0,0,0,528.09,0,0.00,0,528
ثزاگرس-ت,13950907,0,0,0,528.09,0,0.00,0,528
ثزاگرس-ت,13950909,0,0,0,528.09,0,0.00,0,528
ثزاگرس-ت,13950913,0,0,0,528.09,0,0.00,0,528
ثزاگرس-ت,13950914,0,0,0,528.09,0,0.00,0,528
ثزاگرس-ت,13950915,0,0,0,528.09,0,0.00,0,528
ثزاگرس-ت,13950916,0,0,0,528.09,0,0.00,0,528
ثزاگرس-ت,13950917,0,0,0,528.09,0,0.00,0,528
ثزاگرس-ت,13950920,0,0,0,528.09,0,0.00,0,528
ثزاگرس-ت,13950921,0,0,0,528.09,0,0.00,0,528
ثزاگرس-ت,13950922,0,0,0,528.09,0,0.00,0,528
ثزاگرس-ت,13950923,0,0,0,528.09,0,0.00,0,528
ثزاگرس-ت,13950924,0,0,0,528.09,0,0.00,0,528
ثزاگرس-ت,13950928,0,0,0,528.09,0,0.00,0,528
ثزاگرس-ت,13950929,0,0,0,528.09,0,0.00,0,528
ثزاگرس-ت,13950930,0,0,0,528.09,0,0.00,0,528
ثزاگرس-ت,13951001,0,0,0,528.09,0,0.00,0,528
ثزاگرس-ت,13951004,0,0,0,528.09,0,0.00,0,528
ثزاگرس-ت,13951005,0,0,0,528.09,0,0.00,0,528
ثزاگرس-ت,13951006,0,0,0,528.09,0,0.00,0,528
ثزاگرس-ت,13951007,0,0,0,528.09,0,0.00,0,528
ثزاگرس-ت,13951008,0,0,0,528.09,0,0.00,0,528
ثزاگرس-ت,13951011,0,0,0,528.09,0,0.00,0,528
ثزاگرس-ت,13951012,0,0,0,528.09,0,0.00,0,528
ثزاگرس-ت,13951013,0,0,0,528.09,0,0.00,0,528
ثزاگرس-ت,13951014,0,0,0,528.09,0,0.00,0,528
ثزاگرس-ت,13951015,0,0,0,528.09,0,0.00,0,528
ثزاگرس-ت,13951018,0,0,0,528.09,0,0.00,0,528
ثزاگرس-ت,13951019,0,0,0,528.09,0,0.00,0,528
ثزاگرس-ت,13951020,0,0,0,528.09,0,0.00,0,528
ثزاگرس-ت,13951022,0,0,0,528.09,0,0.00,0,528
ثزاگرس-ت,13951025,0,0,0,528.09,0,0.00,0,528
ثزاگرس-ت,13951026,0,0,0,528.09,0,0.00,0,528
ثزاگرس-ت,13951027,0,0,0,528.09,0,0.00,0,528
ثزاگرس-ت,13951028,0,0,0,528.09,0,0.00,0,528
ثزاگرس-ت,13951029,0,0,0,528.09,0,0.00,0,528
ثزاگرس-ت,13951102,0,0,0,528.09,0,0.00,0,528
ثزاگرس-ت,13951103,0,0,0,528.09,0,0.00,0,528
ثزاگرس-ت,13951104,0,0,0,528.09,0,0.00,0,528
ثزاگرس-ت,13951105,0,0,0,528.09,0,0.00,0,528
ثزاگرس-ت,13951106,0,0,0,528.09,0,0.00,0,528
ثزاگرس-ت,13951109,0,0,0,528.09,0,0.00,0,528
ثزاگرس-ت,13951110,0,0,0,528.09,0,0.00,0,528
ثزاگرس-ت,13951111,0,0,0,528.09,0,0.00,0,528
ثزاگرس-ت,13951112,0,0,0,528.09,0,0.00,0,528
ثزاگرس-ت,13951113,0,0,0,528.09,0,0.00,0,528
ثزاگرس-ت,13951116,0,0,0,528.09,0,0.00,0,528
ثزاگرس-ت,13951117,0,0,0,528.09,0,0.00,0,528
ثزاگرس-ت,13951118,0,0,0,528.09,0,0.00,0,528
ثزاگرس-ت,13951119,0,0,0,528.09,0,0.00,0,528
ثزاگرس-ت,13951120,0,0,0,528.09,0,0.00,0,528
ثزاگرس-ت,13951123,0,0,0,528.09,0,0.00,0,528
ثزاگرس-ت,13951124,0,0,0,528.09,0,0.00,0,528
ثزاگرس-ت,13951125,0,0,0,528.09,0,0.00,0,528
ثزاگرس-ت,13951126,0,0,0,528.09,0,0.00,0,528
ثزاگرس-ت,13951127,0,0,0,528.09,0,0.00,0,528
ثزاگرس-ت,13951130,0,0,0,528.09,0,0.00,0,528
ثزاگرس-ت,13951201,0,0,0,528.09,0,0.00,0,528
ثزاگرس-ت,13951202,0,0,0,528.09,0,0.00,0,528
ثزاگرس-ت,13951203,0,0,0,528.09,0,0.00,0,528
ثزاگرس-ت,13951204,0,0,0,528.09,0,0.00,0,528
ثزاگرس-ت,13951207,0,0,0,528.09,0,0.00,0,528
ثزاگرس-ت,13951208,0,0,0,528.09,0,0.00,0,528
ثزاگرس-ت,13951209,0,0,0,528.09,0,0.00,0,528
ثزاگرس-ت,13951210,0,0,0,528.09,0,0.00,0,528
ثزاگرس-ت,13951211,0,0,0,528.09,0,0.00,0,528
ثزاگرس-ت,13951214,0,0,0,528.09,0,0.00,0,528
ثزاگرس-ت,13951215,0,0,0,528.09,0,0.00,0,528
ثزاگرس-ت,13951216,0,0,0,528.09,0,0.00,0,528
ثزاگرس-ت,13951217,0,0,0,528.09,0,0.00,0,528
ثزاگرس-ت,13951218,0,0,0,528.09,0,0.00,0,528
ثزاگرس-ت,13951221,0,0,0,528.09,0,0.00,0,528
ثزاگرس-ت,13951222,0,0,0,528.09,0,0.00,0,528
ثزاگرس-ت,13951223,0,0,0,528.09,0,0.00,0,528
ثزاگرس-ت,13951224,0,0,0,528.09,0,0.00,0,528
ثزاگرس-ت,13951225,0,0,0,528.09,0,0.00,0,528
ثزاگرس-ت,13951228,0,0,0,528.09,0,0.00,0,528
ثزاگرس-ت,13960105,0,0,0,528.09,0,0.00,0,528
ثزاگرس-ت,13960106,0,0,0,528.09,0,0.00,0,528
ثزاگرس-ت,13960107,0,0,0,528.09,0,0.00,0,528
ثزاگرس-ت,13960108,0,0,0,528.09,0,0.00,0,528
ثزاگرس-ت,13960109,0,0,0,528.09,0,0.00,0,528
ثزاگرس-ت,13960114,0,0,0,528.09,0,0.00,0,528
ثزاگرس-ت,13960115,0,0,0,528.09,0,0.00,0,528
ثزاگرس-ت,13960116,0,0,0,528.09,0,0.00,0,528
ثزاگرس-ت,13960119,0,0,0,528.09,0,0.00,0,528
ثزاگرس-ت,13960120,0,0,0,528.09,0,0.00,0,528
ثزاگرس-ت,13960121,0,0,0,528.09,0,0.00,0,528
ثزاگرس-ت,13960123,0,0,0,528.09,0,0.00,0,528
ثزاگرس-ت,13960126,0,0,0,528.09,0,0.00,0,528
ثزاگرس-ت,13960127,0,0,0,528.09,0,0.00,0,528
ثزاگرس-ت,13960128,0,0,0,528.09,0,0.00,0,528
ثزاگرس-ت,13960129,0,0,0,528.09,0,0.00,0,528
ثزاگرس-ت,13960130,0,0,0,528.09,0,0.00,0,528
ثزاگرس-ت,13960202,0,0,0,528.09,0,0.00,0,528
ثزاگرس-ت,13960203,0,0,0,528.09,0,0.00,0,528
ثزاگرس-ت,13960204,0,0,0,528.09,0,0.00,0,528
ثزاگرس-ت,13960206,0,0,0,528.09,0,0.00,0,528
ثزاگرس-ت,13960209,0,0,0,528.09,0,0.00,0,528
ثزاگرس-ت,13960210,0,0,0,528.09,0,0.00,0,528
ثزاگرس-ت,13960211,0,0,0,528.09,0,0.00,0,528
ثزاگرس-ت,13960212,0,0,0,528.09,0,0.00,0,528
ثزاگرس-ت,13960213,0,0,0,528.09,0,0.00,0,528
ثزاگرس-ت,13960216,0,0,0,528.09,0,0.00,0,528
ثزاگرس-ت,13960217,0,0,0,528.09,0,0.00,0,528
ثزاگرس-ت,13960218,0,0,0,528.09,0,0.00,0,528
ثزاگرس-ت,13960219,0,0,0,528.09,0,0.00,0,528
ثزاگرس-ت,13960220,0,0,0,528.09,0,0.00,0,528
ثزاگرس-ت,13960223,0,0,0,528.09,0,0.00,0,528
ثزاگرس-ت,13960224,0,0,0,528.09,0,0.00,0,528
ثزاگرس-ت,13960225,0,0,0,528.09,0,0.00,0,528
ثزاگرس-ت,13960226,0,0,0,528.09,0,0.00,0,528
ثزاگرس-ت,13960227,0,0,0,528.09,0,0.00,0,528
ثزاگرس-ت,13960230,0,0,0,528.09,0,0.00,0,528
ثزاگرس-ت,13960231,0,0,0,528.09,0,0.00,0,528
ثزاگرس-ت,13960301,0,0,0,528.09,0,0.00,0,528
ثزاگرس-ت,13960302,0,0,0,528.09,0,0.00,0,528
ثزاگرس-ت,13960303,0,0,0,528.09,0,0.00,0,528
ثزاگرس-ت,13960306,0,0,0,528.09,0,0.00,0,528
ثزاگرس-ت,13960307,0,0,0,528.09,0,0.00,0,528
ثزاگرس-ت,13960308,0,0,0,528.09,0,0.00,0,528
ثزاگرس-ت,13960309,0,0,0,528.09,0,0.00,0,528
ثزاگرس-ت,13960310,0,0,0,528.09,0,0.00,0,528
ثزاگرس-ت,13960313,0,0,0,528.09,0,0.00,0,528
ثزاگرس-ت,13960316,0,0,0,528.09,0,0.00,0,528
ثزاگرس-ت,13960317,0,0,0,528.09,0,0.00,0,528
ثزاگرس-ت,13960320,0,0,0,528.09,0,0.00,0,528
ثزاگرس-ت,13960321,0,0,0,528.09,0,0.00,0,528
ثزاگرس-ت,13960322,0,0,0,528.09,0,0.00,0,528
ثزاگرس-ت,13960323,0,0,0,528.09,0,0.00,0,528
ثزاگرس-ت,13960324,0,0,0,528.09,0,0.00,0,528
ثزاگرس-ت,13960327,0,0,0,528.09,0,0.00,0,528
ثزاگرس-ت,13960328,0,0,0,528.09,0,0.00,0,528
ثزاگرس-ت,13960329,0,0,0,528.09,0,0.00,0,528
ثزاگرس-ت,13960330,0,0,0,528.09,0,0.00,0,528
ثزاگرس-ت,13960331,0,0,0,528.09,0,0.00,0,528
ثزاگرس-ت,13960403,0,0,0,528.09,0,0.00,0,528
ثزاگرس-ت,13960404,0,0,0,528.09,0,0.00,0,528
ثزاگرس-ت,13960407,0,0,0,528.09,0,0.00,0,528
ثزاگرس-ت,13960410,0,0,0,528.09,0,0.00,0,528
ثزاگرس-ت,13960411,0,0,0,528.09,0,0.00,0,528
ثزاگرس-ت,13960412,0,0,0,528.09,0,0.00,0,528
ثزاگرس-ت,13960413,0,0,0,528.09,0,0.00,0,528
ثزاگرس-ت,13960414,0,0,0,528.09,0,0.00,0,528
ثزاگرس-ت,13960417,0,0,0,528.09,0,0.00,0,528
ثزاگرس-ت,13960418,0,0,0,528.09,0,0.00,0,528
ثزاگرس-ت,13960419,0,0,0,528.09,0,0.00,0,528
ثزاگرس-ت,13960420,0,0,0,528.09,0,0.00,0,528
ثزاگرس-ت,13960421,0,0,0,528.09,0,0.00,0,528
ثزاگرس-ت,13960424,0,0,0,528.09,0,0.00,0,528
ثزاگرس-ت,13960425,0,0,0,528.09,0,0.00,0,528
ثزاگرس-ت,13960426,0,0,0,528.09,0,0.00,0,528
ثزاگرس-ت,13960427,0,0,0,528.09,0,0.00,0,528
ثزاگرس-ت,13960428,0,0,0,528.09,0,0.00,0,528
ثزاگرس-ت,13960431,0,0,0,528.09,0,0.00,0,528
ثزاگرس-ت,13960501,0,0,0,528.09,0,0.00,0,528
ثزاگرس-ت,13960502,0,0,0,528.09,0,0.00,0,528
ثزاگرس-ت,13960503,0,0,0,528.09,0,0.00,0,528
ثزاگرس-ت,13960504,0,0,0,528.09,0,0.00,0,528
ثزاگرس-ت,13960507,0,0,0,528.09,0,0.00,0,528
ثزاگرس-ت,13960508,0,0,0,528.09,0,0.00,0,528
ثزاگرس-ت,13960509,0,0,0,528.09,0,0.00,0,528
ثزاگرس-ت,13960510,0,0,0,528.09,0,0.00,0,528
ثزاگرس-ت,13960511,0,0,0,528.09,0,0.00,0,528
ثزاگرس-ت,13960515,0,0,0,528.09,0,0.00,0,528
ثزاگرس-ت,13960516,0,0,0,528.09,0,0.00,0,528
ثزاگرس-ت,13960517,0,0,0,528.09,0,0.00,0,528
ثزاگرس-ت,13960518,0,0,0,528.09,0,0.00,0,528
ثزاگرس-ت,13960521,0,0,0,528.09,0,0.00,0,528
ثزاگرس-ت,13960522,0,0,0,528.09,0,0.00,0,528
ثزاگرس-ت,13960523,0,0,0,528.09,0,0.00,0,528
ثزاگرس-ت,13960524,0,0,0,528.09,0,0.00,0,528
ثزاگرس-ت,13960525,0,0,0,528.09,0,0.00,0,528
ثزاگرس-ت,13960528,0,0,0,528.09,0,0.00,0,528
ثزاگرس-ت,13960529,0,0,0,528.09,0,0.00,0,528
ثزاگرس-ت,13960530,0,0,0,528.09,0,0.00,0,528
ثزاگرس-ت,13960531,0,0,0,528.09,0,0.00,0,528
ثزاگرس-ت,13960601,0,0,0,528.09,0,0.00,0,528
ثزاگرس-ت,13960604,0,0,0,528.09,0,0.00,0,528
ثزاگرس-ت,13960605,0,0,0,528.09,0,0.00,0,528
ثزاگرس-ت,13960606,0,0,0,528.09,0,0.00,0,528
ثزاگرس-ت,13960607,0,0,0,528.09,0,0.00,0,528
ثزاگرس-ت,13960608,0,0,0,528.09,0,0.00,0,528
ثزاگرس-ت,13960611,0,0,0,528.09,0,0.00,0,528
ثزاگرس-ت,13960612,0,0,0,528.09,0,0.00,0,528
ثزاگرس-ت,13960613,0,0,0,528.09,0,0.00,0,528
ثزاگرس-ت,13960614,0,0,0,528.09,0,0.00,0,528
ثزاگرس-ت,13960615,0,0,0,528.09,0,0.00,0,528
ثزاگرس-ت,13960619,0,0,0,528.09,0,0.00,0,528
ثزاگرس-ت,13960620,0,0,0,528.09,0,0.00,0,528
ثزاگرس-ت,13960621,0,0,0,528.09,0,0.00,0,528
ثزاگرس-ت,13960622,0,0,0,528.09,0,0.00,0,528
ثزاگرس-ت,13960625,0,0,0,528.09,0,0.00,0,528
ثزاگرس-ت,13960626,0,0,0,528.09,0,0.00,0,528
ثزاگرس-ت,13960627,0,0,0,528.09,0,0.00,0,528
ثزاگرس-ت,13960628,0,0,0,528.09,0,0.00,0,528
ثزاگرس-ت,13960629,0,0,0,528.09,0,0.00,0,528
ثزاگرس-ت,13960701,0,0,0,528.09,0,0.00,0,528
ثزاگرس-ت,13960702,0,0,0,528.09,0,0.00,0,528
ثزاگرس-ت,13960703,528.09,0,0,528.09,0,0.00,0,528
ثزاگرس-ت,13960704,0,0,0,528.09,0,0.00,0,528
ثزاگرس-ت,13960705,0,0,0,528.09,0,0.00,0,528
ثزاگرس-ت,13960710,0,0,0,528.09,0,0.00,0,528
ثزاگرس-ت,13960711,0,0,0,528.09,0,0.00,0,528
ثزاگرس-ت,13960712,528.09,0,0,528.09,0,0.00,0,528
ثزاگرس-ت,13960715,0,0,0,528.09,0,0.00,0,528
ثزاگرس-ت,13960716,0,0,0,528.09,0,0.00,0,528
ثزاگرس-ت,13960717,0,0,0,528.09,0,0.00,0,528
ثزاگرس-ت,13960718,0,0,0,528.09,0,0.00,0,528
ثزاگرس-ت,13960719,0,0,0,528.09,0,0.00,0,528
ثزاگرس-ت,13960722,0,0,0,528.09,0,0.00,0,528
ثزاگرس-ت,13960723,0,0,0,528.09,0,0.00,0,528
ثزاگرس-ت,13960724,0,0,0,528.09,0,0.00,0,528
ثزاگرس-ت,13960725,0,0,0,528.09,0,0.00,0,528
ثزاگرس-ت,13960726,0,0,0,528.09,0,0.00,0,528
ثزاگرس-ت,13960729,0,0,0,528.09,0,0.00,0,528
ثزاگرس-ت,13960730,0,0,0,528.09,0,0.00,0,528
ثزاگرس-ت,13960801,0,0,0,528.09,0,0.00,0,528
ثزاگرس-ت,13960802,0,0,0,528.09,0,0.00,0,528
ثزاگرس-ت,13960803,0,0,0,528.09,0,0.00,0,528
ثزاگرس-ت,13960806,0,0,0,528.09,0,0.00,0,528
ثزاگرس-ت,13960807,0,0,0,528.09,0,0.00,0,528
ثزاگرس-ت,13960808,0,0,0,528.09,0,0.00,0,528
ثزاگرس-ت,13960809,0,0,0,528.09,0,0.00,0,528
ثزاگرس-ت,13960810,0,0,0,528.09,0,0.00,0,528
ثزاگرس-ت,13960813,0,0,0,528.09,0,0.00,0,528
ثزاگرس-ت,13960814,0,0,0,528.09,0,0.00,0,528
ثزاگرس-ت,13960815,0,0,0,528.09,0,0.00,0,528
ثزاگرس-ت,13960816,0,0,0,528.09,0,0.00,0,528
ثزاگرس-ت,13960817,0,0,0,528.09,0,0.00,0,528
ثزاگرس-ت,13960820,0,0,0,528.09,0,0.00,0,528
ثزاگرس-ت,13960821,0,0,0,528.09,0,0.00,0,528
ثزاگرس-ت,13960822,0,0,0,528.09,0,0.00,0,528
ثزاگرس-ت,13960823,0,0,0,528.09,0,0.00,0,528
ثزاگرس-ت,13960824,0,0,0,528.09,0,0.00,0,528
ثزاگرس-ت,13960827,0,0,0,528.09,0,0.00,0,528
ثزاگرس-ت,13960829,0,0,0,528.09,0,0.00,0,528
ثزاگرس-ت,13960830,0,0,0,528.09,0,0.00,0,528
ثزاگرس-ت,13960901,0,0,0,528.09,0,0.00,0,528
ثزاگرس-ت,13960904,0,0,0,528.09,0,0.00,0,528
ثزاگرس-ت,13960905,0,0,0,528.09,0,0.00,0,528
ثزاگرس-ت,13960907,0,0,0,528.09,0,0.00,0,528
ثزاگرس-ت,13960908,0,0,0,528.09,0,0.00,0,528
ثزاگرس-ت,13960911,528.09,0,0,528.09,0,0.00,0,528
ثزاگرس-ت,13960912,0,0,0,528.09,0,0.00,0,528
ثزاگرس-ت,13960913,0,0,0,528.09,0,0.00,0,528
ثزاگرس-ت,13960914,0,0,0,528.09,0,0.00,0,528
ثزاگرس-ت,13960918,0,0,0,528.09,0,0.00,0,528
ثزاگرس-ت,13960919,0,0,0,528.09,0,0.00,0,528
ثزاگرس-ت,13960920,0,0,0,528.09,0,0.00,0,528
ثزاگرس-ت,13960921,0,0,0,528.09,0,0.00,0,528
ثزاگرس-ت,13960922,0,0,0,528.09,0,0.00,0,528
ثزاگرس-ت,13960923,0,0,0,528.09,0,0.00,0,528
ثزاگرس-ت,13960924,0,0,0,528.09,0,0.00,0,528
ثزاگرس-ت,13960925,0,0,0,528.09,0,0.00,0,528
ثزاگرس-ت,13960926,0,0,0,528.09,0,0.00,0,528
ثزاگرس-ت,13960927,528.09,0,0,528.09,0,0.00,0,528
ثزاگرس-ت,13960928,0,0,0,528.09,0,0.00,0,528
ثزاگرس-ت,13960929,0,0,0,528.09,0,0.00,0,528
ثزاگرس-ت,13961002,0,0,0,528.09,0,0.00,0,528
ثزاگرس-ت,13961003,0,0,0,528.09,0,0.00,0,528
ثزاگرس-ت,13961004,0,0,0,528.09,0,0.00,0,528
ثزاگرس-ت,13961005,0,0,0,528.09,0,0.00,0,528
ثزاگرس-ت,13961006,792.14,792,792,792.14,50000,48000000.00,1,528
ثزاگرس-ت,13961009,792.14,0,0,792.14,0,0.00,0,792
ثزاگرس-ت,13961010,871.35,871,871,871.35,20000,21120000.00,1,792
ثزاگرس-ت,13961011,871.35,0,0,871.35,0,0.00,0,871
ثزاگرس-ت,13961012,871.35,0,0,871.35,0,0.00,0,871
ثزاگرس-ت,13961013,957.99,958,958,957.99,0,0.00,0,871
ثزاگرس-ت,13961016,957.99,0,0,957.99,0,0.00,0,958
ثزاگرس-ت,13961017,957.99,0,0,957.99,0,0.00,0,958
ثزاگرس-ت,13961018,1053.25,1053,1053,1053.25,30000,34830000.00,2,958
ثزاگرس-ت,13961019,1053.25,0,0,1053.25,0,0.00,0,1053
ثزاگرس-ت,13961020,1053.25,0,0,1053.25,0,0.00,0,1053
ثزاگرس-ت,13961023,1158.48,1158,1158,1158.48,40000,51080000.00,2,1053
ثزاگرس-ت,13961024,1158.48,0,0,1158.48,0,0.00,0,1158
ثزاگرس-ت,13961025,1158.48,0,0,1158.48,0,0.00,0,1158
ثزاگرس-ت,13961026,1158.48,0,0,1158.48,0,0.00,0,1158
ثزاگرس-ت,13961027,1158.48,0,0,1158.48,0,0.00,0,1158
ثزاگرس-ت,13961030,1158.48,0,0,1158.48,0,0.00,0,1158
ثزاگرس-ت,13961101,1273.69,1274,1274,1273.69,101000,141804000.00,5,1158
ثزاگرس-ت,13961102,1273.69,0,0,1273.69,0,0.00,0,1274
ثزاگرس-ت,13961103,1273.69,0,0,1273.69,0,0.00,0,1274
ثزاگرس-ت,13961104,1273.69,0,0,1273.69,0,0.00,0,1274
ثزاگرس-ت,13961107,1273.69,0,0,1273.69,0,0.00,0,1274
ثزاگرس-ت,13961108,1273.69,0,0,1273.69,0,0.00,0,1274
ثزاگرس-ت,13961109,1273.69,0,0,1273.69,0,0.00,0,1274
ثزاگرس-ت,13961110,1400.70,0,0,1400.70,100000,154400000.00,4,1274
ثزاگرس-ت,13961111,1540.37,1540,1540,1540.37,150000,231600000.00,7,1401
ثزاگرس-ت,13961114,1694.01,1694,1694,1694.01,153648,260894304.00,10,1540
ثزاگرس-ت,13961115,1862.61,1863,1863,1862.61,260000,485420000.00,14,1694
ثزاگرس-ت,13961116,2048.17,2048,2048,2048.17,230000,472190000.00,8,1863
ثزاگرس-ت,13961117,2048.17,0,0,2048.17,0,0.00,0,2048
ثزاگرس-ت,13961118,2048.17,0,0,2048.17,0,0.00,0,2048
ثزاگرس-ت,13961121,2048.17,0,0,2048.17,0,0.00,0,2048
ثزاگرس-ت,13961123,2048.17,0,0,2048.17,0,0.00,0,2048
ثزاگرس-ت,13961124,2048.17,0,0,2048.17,0,0.00,0,2048
ثزاگرس-ت,13961125,2252.69,2253,2253,2252.69,405850,916409300.00,12,2048
ثزاگرس-ت,13961128,2252.69,0,0,2252.69,0,0.00,0,2253
ثزاگرس-ت,13961129,2252.69,0,0,2252.69,0,0.00,0,2253
ثزاگرس-ت,13961130,2252.69,0,0,2252.69,0,0.00,0,2253
ثزاگرس-ت,13961202,2252.69,0,0,2252.69,0,0.00,0,2253
ثزاگرس-ت,13961205,2252.69,0,0,2252.69,0,0.00,0,2253
ثزاگرس-ت,13961206,2252.69,0,0,2252.69,0,0.00,0,2253
ثزاگرس-ت,13961207,2252.69,0,0,2252.69,0,0.00,0,2253
ثزاگرس-ت,13961208,2252.69,0,0,2252.69,0,0.00,0,2253
ثزاگرس-ت,13961209,2252.69,0,0,2252.69,0,0.00,0,2253
ثزاگرس-ت,13961212,2252.69,0,0,2252.69,0,0.00,0,2253
ثزاگرس-ت,13961213,2252.69,0,0,2252.69,0,0.00,0,2253
ثزاگرس-ت,13961214,2252.69,0,0,2252.69,0,0.00,0,2253
ثزاگرس-ت,13961215,2252.69,0,0,2252.69,0,0.00,0,2253
ثزاگرس-ت,13961216,2252.69,0,0,2252.69,0,0.00,0,2253
ثزاگرس-ت,13961219,2252.69,0,0,2252.69,0,0.00,0,2253
ثزاگرس-ت,13961220,2252.69,0,0,2252.69,0,0.00,0,2253
ثزاگرس-ت,13961221,2252.69,0,0,2252.69,0,0.00,0,2253
ثزاگرس-ت,13961222,2477.16,2477,2477,2477.16,118179,293438457.00,10,2253
ثزاگرس-ت,13961223,2477.16,0,0,2477.16,0,0.00,0,2477
ثزاگرس-ت,13961226,2477.16,0,0,2477.16,0,0.00,0,2477
ثزاگرس-ت,13961227,2477.16,0,0,2477.16,0,0.00,0,2477
ثزاگرس-ت,13961228,2477.16,0,0,2477.16,0,0.00,0,2477
ثزاگرس-ت,13970105,2477.16,0,0,2477.16,0,0.00,0,2477
ثزاگرس-ت,13970106,2477.16,0,0,2477.16,0,0.00,0,2477
ثزاگرس-ت,13970107,2477.16,0,0,2477.16,0,0.00,0,2477
ثزاگرس-ت,13970108,2477.16,0,0,2477.16,0,0.00,0,2477
ثزاگرس-ت,13970114,2477.16,0,0,2477.16,0,0.00,0,2477
ثزاگرس-ت,13970115,0,0,0,2477.16,0,0.00,0,2477
ثزاگرس-ت,13970118,2477.16,0,0,2477.16,0,0.00,0,2477
ثزاگرس-ت,13970119,2724.58,2725,2725,2724.58,164223,448493013.00,11,2477
ثزاگرس-ت,13970120,2996.94,2997,2997,2996.94,751739,2258223956.00,79,2725
ثزاگرس-ت,13970121,3296.23,3296,2698,2847.29,972643,2775849956.00,97,2997
ثزاگرس-ت,13970122,2843.30,2843,2563,2566.95,31447,80899743.00,10,2847
ثزاگرس-ت,13970126,0,0,0,2566.95,0,0.00,0,2567
ثزاگرس-ت,13970127,0,0,0,2566.95,0,0.00,0,2567
ثزاگرس-ت,13970128,0,0,0,2566.95,0,0.00,0,2567
ثزاگرس-ت,13970129,2444.24,2444,2444,2562.96,3800,9310000.00,3,2567
ثزاگرس-ت,13970201,0,0,0,2562.96,0,0.00,0,2563
ثزاگرس-ت,13970202,0,0,0,2562.96,0,0.00,0,2563
ثزاگرس-ت,13970203,2193.83,2194,2194,2507.09,20000,43980000.00,2,2563
ثزاگرس-ت,13970204,0,0,0,2507.09,0,0.00,0,2507
ثزاگرس-ت,13970205,0,0,0,2507.09,0,0.00,0,2507
ثزاگرس-ت,13970208,1995.30,2015,1995,1998.29,329458,659927000.00,73,2507
ثزاگرس-ت,13970209,0,0,0,1998.29,0,0.00,0,1998
ثزاگرس-ت,13970210,2045.18,2045,2045,2045.18,94000,192700000.00,12,1998
ثزاگرس-ت,13970211,0,0,0,2045.18,0,0.00,0,2045
ثزاگرس-ت,13970215,2095.06,2095,2084,2095.06,181790,381704000.00,26,2045
ثزاگرس-ت,13970216,0,0,0,2095.06,0,0.00,0,2095
ثزاگرس-ت,13970217,2096.06,2148,2096,2097.06,91680,192734132.00,21,2095
ثزاگرس-ت,13970218,0,0,0,2097.06,0,0.00,0,2097
ثزاگرس-ت,13970219,2194.83,2195,2195,2194.83,9992,21982400.00,10,2097
ثزاگرس-ت,13970222,2294.59,2394,2295,2349.46,38760,91263900.00,18,2195
ثزاگرس-ت,13970223,0,0,0,2349.46,0,0.00,0,2349
ثزاگرس-ت,13970224,2444.24,2497,2444,2482.15,9679,24081211.00,7,2349
ثزاگرس-ت,13970225,0,0,0,2482.15,0,0.00,0,2482
ثزاگرس-ت,13970226,2544.00,2544,2544,2544.00,48749,124309950.00,46,2482
ثزاگرس-ت,13970229,2563.96,2564,2564,2563.96,108085,277778450.00,45,2544
ثزاگرس-ت,13970230,0,0,0,2563.96,0,0.00,0,2564
ثزاگرس-ت,13970231,2613.84,2614,2614,2613.84,42871,112322020.00,25,2564
ثزاگرس-ت,13970301,0,0,0,2613.84,0,0.00,0,2614
ثزاگرس-ت,13970302,2583.91,2584,2434,2443.24,37078,90815320.00,10,2614
ثزاگرس-ت,13970305,2095.06,2135,2095,2098.06,261461,549868100.00,41,2443
ثزاگرس-ت,13970306,0,0,0,2098.06,0,0.00,0,2098
ثزاگرس-ت,13970307,2117.01,2117,2117,2117.01,17287,36683014.00,4,2098
ثزاگرس-ت,13970308,0,0,0,2117.01,0,0.00,0,2117
ثزاگرس-ت,13970309,2119.01,2119,2119,2119.01,10000,21240000.00,1,2117
ثزاگرس-ت,13970312,2119.01,2195,2119,2127.98,57547,122761828.00,23,2119
ثزاگرس-ت,13970313,0,0,0,2127.98,0,0.00,0,2128
ثزاگرس-ت,13970319,2127.98,2128,2105,2111.02,19156,40529905.00,11,2128
ثزاگرس-ت,13970320,0,0,0,2111.02,0,0.00,0,2111
ثزاگرس-ت,13970321,2111.02,2111,2111,2111.02,17534,37101944.00,6,2111
ثزاگرس-ت,13970322,0,0,0,2111.02,0,0.00,0,2111
ثزاگرس-ت,13970323,2111.02,2111,2111,2111.02,22916,48490256.00,11,2111
ثزاگرس-ت,13970327,0,0,0,2111.02,0,0.00,0,2111
ثزاگرس-ت,13970328,2111.02,2111,2111,2111.02,34000,71944000.00,8,2111
ثزاگرس-ت,13970329,0,0,0,2111.02,0,0.00,0,2111
ثزاگرس-ت,13970330,2111.02,2111,1995,2014.25,12000,24232000.00,4,2111
ثزاگرس-ت,13970402,0,0,0,2014.25,0,0.00,0,2014
ثزاگرس-ت,13970403,0,0,0,2014.25,0,0.00,0,2014
ثزاگرس-ت,13970404,1845.65,1846,1846,1845.65,121811,225350350.00,35,2014
ثزاگرس-ت,13970405,0,0,0,1845.65,0,0.00,0,1846
ثزاگرس-ت,13970406,1845.65,1846,1846,1845.65,8500,15725000.00,3,1846
ثزاگرس-ت,13970409,1845.65,1846,1846,1845.65,10062,18614700.00,3,1846
ثزاگرس-ت,13970410,0,0,0,1845.65,0,0.00,0,1846
ثزاگرس-ت,13970411,1845.65,1846,1846,1845.65,28566,52847100.00,12,1846
ثزاگرس-ت,13970412,0,0,0,1845.65,0,0.00,0,1846
ثزاگرس-ت,13970413,1845.65,1846,1846,1845.65,3863,7146550.00,3,1846
ثزاگرس-ت,13970416,0,0,0,1845.65,0,0.00,0,1846
ثزاگرس-ت,13970417,0,0,0,1845.65,0,0.00,0,1846
ثزاگرس-ت,13970419,0,0,0,1845.65,0,0.00,0,1846
ثزاگرس-ت,13970420,1845.65,1846,1846,1845.65,121137,224103450.00,14,1846
ثزاگرس-ت,13970423,1845.65,1846,1846,1845.65,23504,43482400.00,6,1846
ثزاگرس-ت,13970424,0,0,0,1845.65,0,0.00,0,1846
ثزاگرس-ت,13970425,1845.65,1846,1846,1845.65,390,721500.00,1,1846
ثزاگرس-ت,13970426,0,0,0,1845.65,0,0.00,0,1846
ثزاگرس-ت,13970427,0,0,0,1845.65,0,0.00,0,1846
ثزاگرس-ت,13970430,0,0,0,1845.65,0,0.00,0,1846
ثزاگرس-ت,13970431,0,0,0,1845.65,0,0.00,0,1846
ثزاگرس-ت,13970501,1845.65,1846,1846,1845.65,4000,7400000.00,3,1846
ثزاگرس-ت,13970502,0,0,0,1845.65,0,0.00,0,1846
ثزاگرس-ت,13970503,1506.45,1507,1506,1506.45,238987,360871105.00,27,1846
ثزاگرس-ت,13970504,0,0,0,1506.45,0,0.00,0,1506
ثزاگرس-ت,13970505,0,0,0,1506.45,0,0.00,0,1506
ثزاگرس-ت,13970506,0,0,0,1506.45,0,0.00,0,1506
ثزاگرس-ت,13970507,0,0,0,1506.45,0,0.00,0,1506
ثزاگرس-ت,13970508,1507.45,1507,1507,1507.45,17010,25702110.00,3,1506
ثزاگرس-ت,13970509,0,0,0,1507.45,0,0.00,0,1507
ثزاگرس-ت,13970510,1506.45,1506,1506,1506.45,7000,10570000.00,2,1507
ثزاگرس-ت,13970513,0,0,0,1506.45,0,0.00,0,1506
ثزاگرس-ت,13970514,0,0,0,1506.45,0,0.00,0,1506
ثزاگرس-ت,13970515,1506.45,1506,1506,1506.45,10000,15100000.00,3,1506
ثزاگرس-ت,13970516,0,0,0,1506.45,0,0.00,0,1506
ثزاگرس-ت,13970517,1497.47,1497,1496,1496.47,37963,56963088.00,8,1506
ثزاگرس-ت,13970520,0,0,0,1496.47,0,0.00,0,1496
ثزاگرس-ت,13970521,0,0,0,1496.47,0,0.00,0,1496
ثزاگرس-ت,13970522,0,0,0,1496.47,0,0.00,0,1496
ثزاگرس-ت,13970523,0,0,0,1496.47,0,0.00,0,1496
ثزاگرس-ت,13970524,0,0,0,1496.47,0,0.00,0,1496
ثزاگرس-ت,13970527,1495.48,1495,1495,1495.48,5000,7495000.00,1,1496
ثزاگرس-ت,13970528,0,0,0,1495.48,0,0.00,0,1495
ثزاگرس-ت,13970529,1495.48,1495,1495,1495.48,700,1049300.00,1,1495
ثزاگرس-ت,13970530,0,0,0,1495.48,0,0.00,0,1495
ثزاگرس-ت,13970603,1795.77,1796,1796,1795.77,63685,114633000.00,9,1495
ثزاگرس-ت,13970604,0,0,0,1795.77,0,0.00,0,1796
ثزاگرس-ت,13970605,2494.12,2494,2494,2494.12,219200,548000000.00,34,1796
ثزاگرس-ت,13970606,0,0,0,2494.12,0,0.00,0,2494
ثزاگرس-ت,13970607,2474.17,2474,2474,2494.12,3000,7440000.00,2,2494
ثزاگرس-ت,13970610,2743.53,2744,2743,2743.53,524433,1442159350.00,94,2494
ثزاگرس-ت,13970611,3017.89,3018,3018,3017.89,60250,182256250.00,8,2744
ثزاگرس-ت,13970612,3319.18,3319,3319,3319.18,31869,106028163.00,7,3018
ثزاگرس-ت,13970613,3650.40,3650,3650,3650.40,1000,3659000.00,1,3319
ثزاگرس-ت,13970614,4014.54,4015,4015,4014.54,207693,835756632.00,21,3650
ثزاگرس-ت,13970617,0,0,0,4014.54,0,0.00,0,4015
ثزاگرس-ت,13970618,4415.59,4416,4412,4415.59,268387,1187774742.00,39,4015
ثزاگرس-ت,13970619,4848.57,4857,4789,4854.56,201597,981006514.00,41,4416
ثزاگرس-ت,13970620,5339.42,5339,5339,5339.42,55206,295462512.00,11,4855
ثزاگرس-ت,13970621,5873.16,5873,5018,5821.28,348185,2031583840.00,83,5339
ثزاگرس-ت,13970624,6402.91,6403,6403,6402.91,97846,627975628.00,24,5821
ثزاگرس-ت,13970625,7042.40,7042,7042,7042.40,10000,70590000.00,1,6403
ثزاگرس-ت,13970626,0,0,0,7042.40,0,0.00,0,7042
ثزاگرس-ت,13970627,7745.74,8519,6974,7595.10,247040,1880627559.00,100,7042
ثزاگرس-ت,13970631,7876.44,7876,6836,6879.79,321922,2220103683.00,134,7595
ثزاگرس-ت,13970701,6983.54,7542,6980,7124.21,334419,2387920002.00,113,6880
ثزاگرس-ت,13970702,7422.51,7421,6413,6530.61,91244,597256461.00,40,7124
ثزاگرس-ت,13970703,6499.68,7183,6500,6981.55,202002,1413668680.00,80,6531
ثزاگرس-ت,13970704,7668.93,7679,7236,7672.92,524320,4032428968.00,166,6982
ثزاگرس-ت,13970707,7731.78,8410,7682,7883.42,225455,1781531056.00,91,7673
ثزاگرس-ت,13970708,7980.19,8276,7871,8096.92,198835,1613653063.00,120,7883
ثزاگرس-ت,13970709,8779.31,8779,7288,8054.02,102324,826080803.00,68,8097
ثزاگرس-ت,13970710,7248.92,7394,7249,7248.92,47108,342288033.00,15,8054
ثزاگرس-ت,13970711,6524.62,7873,6525,6655.31,161917,1080177559.00,75,7249
ثزاگرس-ت,13970714,6983.54,7317,6485,7164.11,34202,245604458.00,37,6655
ثزاگرس-ت,13970715,6448.80,6654,6448,6456.78,41885,271058898.00,37,7164
ثزاگرس-ت,13970716,5985.89,6977,5811,6066.70,159670,970971819.00,45,6457
ثزاگرس-ت,13970717,5467.11,6383,5460,6024.80,32275,194913814.00,33,6067
ثزاگرس-ت,13970718,6603.44,6603,5488,5916.06,49338,292568115.00,18,6025
ثزاگرس-ت,13970721,5324.45,6087,5324,5670.63,50800,288754725.00,22,5916
ثزاگرس-ت,13970722,6139.53,6140,5288,5767.41,30000,173426426.00,23,5671
ثزاگرس-ت,13970723,6335.07,6344,6329,6342.05,36839,234176686.00,42,5767
ثزاگرس-ت,13970724,6933.66,6976,6380,6867.81,123419,849564118.00,70,6342
ثزاگرس-ت,13970725,7380.60,7381,6186,6918.69,57065,395742669.00,33,6868
ثزاگرس-ت,13970728,6983.54,7481,6395,6735.13,170800,1153080414.00,67,6919
ثزاگرس-ت,13970729,7153.14,7153,6185,6687.24,86524,579987009.00,46,6735
ثزاگرس-ت,13970730,6218.34,6874,6019,6281.20,205202,1292043244.00,52,6687
ثزاگرس-ت,13970801,5696.57,5986,5680,5811.30,116391,678005963.00,15,6281
ثزاگرس-ت,13970802,5975.92,5986,5976,5983.90,28223,169278540.00,27,5811
ثزاگرس-ت,13970805,5985.89,6285,5447,5933.02,20229,120297695.00,35,5984
ثزاگرس-ت,13970806,5387.30,6526,5387,6205.37,243727,1516084414.00,98,5933
ثزاگرس-ت,13970807,6825.91,6826,6295,6726.15,84933,572609815.00,52,6205
ثزاگرس-ت,13970809,6086.65,7030,6087,6452.79,25479,164802758.00,24,6726
ثزاگرس-ت,13970812,6484.72,6864,6107,6444.81,33511,216488434.00,36,6453
ثزاگرس-ت,13970813,6534.60,6555,5907,6025.80,47499,286885596.00,24,6445
ثزاگرس-ت,13970814,6584.48,6584,5562,6366.00,11815,75390928.00,14,6026
ثزاگرس-ت,13970815,6584.48,6584,5986,6145.52,26218,161502810.00,36,6366
ثزاگرس-ت,13970819,6544.58,6545,5990,6198.39,16610,103199412.00,13,6146
ثزاگرس-ت,13970820,6474.74,6475,5582,6041.76,47681,288760399.00,31,6198
ثزاگرس-ت,13970821,6265.23,6265,6041,6201.38,5303,32966090.00,13,6042
ثزاگرس-ت,13970822,6235.30,6235,5886,6070.69,13843,84229118.00,12,6201
ثزاگرس-ت,13970823,6085.66,6086,5639,5859.19,61077,358678820.00,48,6071
ثزاگرس-ت,13970826,6035.77,6036,5278,5415.24,95360,517635434.00,28,5859
ثزاگرس-ت,13970827,5756.43,5756,5307,5500.04,9991,55084927.00,17,5415
ثزاگرس-ت,13970828,5686.60,6050,5687,6022.80,63707,384616350.00,41,5500
ثزاگرس-ت,13970829,6434.83,6473,5886,6249.27,73302,459145640.00,45,6023
ثزاگرس-ت,13970830,6582.49,6582,6086,6199.39,25600,159077270.00,17,6249
ثزاگرس-ت,13970903,5787.36,6271,5587,5716.53,103982,595808720.00,45,6199
ثزاگرس-ت,13970905,6265.23,6265,5145,5175.80,271213,1407046599.00,84,5717
ثزاگرس-ت,13970906,5376.33,5693,5376,5638.71,68121,385003302.00,42,5176
ثزاگرس-ت,13970907,5786.36,6202,5786,6191.41,513622,3187364257.00,168,5639
ثزاگرس-ت,13970910,6624.39,6783,5986,6360.01,167771,1069563693.00,71,6191
ثزاگرس-ت,13970911,6484.72,6584,5986,6178.44,46964,290871014.00,35,6360
ثزاگرس-ت,13970912,5708.55,6225,5709,5811.30,156438,911200455.00,103,6178
ثزاگرس-ت,13970913,5985.89,6185,5976,6097.63,78112,477456192.00,54,5811
ثزاگرس-ت,13970914,6371.98,6372,6098,6276.21,3065,19280790.00,12,6098
ثزاگرس-ت,13970917,5985.89,6029,5836,5900.09,11944,70632343.00,30,6276
ثزاگرس-ت,13970918,5846.22,6175,5838,5917.05,10928,64816871.00,17,5900
ثزاگرس-ت,13970919,5756.43,5905,5697,5728.50,24383,140008836.00,28,5917
ثزاگرس-ت,13970920,0,0,0,5728.50,0,0.00,0,5728
ثزاگرس-ت,13970921,5985.89,6182,5156,5346.40,132605,710649126.00,53,5728
ثزاگرس-ت,13970924,5735.48,5735,5293,5374.33,258730,1393804485.00,105,5346
ثزاگرس-ت,13970925,5636.71,5637,5178,5195.75,203317,1058813625.00,69,5374
ثزاگرس-ت,13970926,5352.38,5715,5218,5424.22,68574,372863264.00,60,5196
ثزاگرس-ت,13970927,5685.60,5810,4898,5283.55,142447,754470427.00,60,5424
ثزاگرس-ت,13970928,5374.33,5374,5040,5170.81,122437,634632658.00,59,5284
ثزاگرس-ت,13971001,5213.71,5214,4988,5046.11,15922,80533156.00,21,5171
ثزاگرس-ت,13971002,4910.43,5218,4689,5035.13,165503,835327083.00,63,5046
ثزاگرس-ت,13971003,4988.24,5188,4988,5114.94,103918,532773480.00,26,5035
ثزاگرس-ت,13971004,5605.79,5606,4989,5319.46,50981,271818593.00,39,5115
ثزاگرس-ت,13971005,5482.08,5482,5089,5153.85,37348,192954721.00,25,5319
ثزاگرس-ت,13971008,5186.78,5187,4993,5041.12,65526,331083576.00,42,5154
ثزاگرس-ت,13971009,5088.01,5227,5088,5147.87,39256,202579786.00,36,5041
ثزاگرس-ت,13971010,5187.77,5283,5048,5122.93,140936,723708542.00,63,5148
ثزاگرس-ت,13971011,0,0,0,5122.93,0,0.00,0,5123
ثزاگرس-ت,13971012,0,0,0,5122.93,0,0.00,0,5123
ثزاگرس-ت,13971015,0,0,0,5122.93,0,0.00,0,5123
ثزاگرس-ت,13971016,5167.82,5487,5138,5260.60,81917,431922133.00,50,5123
ثزاگرس-ت,13971017,5187.77,5377,5059,5091.00,173319,884493371.00,92,5261
ثزاگرس-ت,13971018,5255.61,5256,5038,5091.00,27805,141896259.00,26,5091
ثزاگرس-ت,13971019,5088.01,5088,5059,5086.01,107678,548978732.00,44,5091
ثزاگرس-ت,13971022,5088.01,5178,5038,5093.99,113153,577710930.00,66,5086
ثزاگرس-ت,13971023,5088.01,5587,5065,5150.86,2172884,11218095913.00,507,5094
ثزاگرس-ت,13971024,5665.65,5666,5657,5665.65,994023,5645035635.00,147,5151
ثزاگرس-ت,13971025,6231.31,6231,5836,6141.53,2098131,12917083696.00,475,5666
ثزاگرس-ت,13971026,6031.78,6036,5537,5731.49,607857,3492105428.00,281,6142
ثزاگرس-ت,13971029,5686.60,5936,5446,5685.60,298588,1701638958.00,131,5731
ثزاگرس-ت,13971030,5876.15,5876,5492,5580.85,593523,3320276992.00,119,5686
ثزاگرس-ت,13971101,5772.40,5773,5043,5143.88,298295,1538099814.00,113,5581
ثزاگرس-ت,13971102,5059.08,5542,5059,5329.44,204593,1092907804.00,111,5144
ثزاگرس-ت,13971103,5197.75,5637,5198,5403.27,132002,714930178.00,81,5329
ثزاگرس-ت,13971106,5533.96,5534,5298,5320.46,237665,1267531601.00,87,5403
ثزاگرس-ت,13971107,5288.54,5289,5188,5229.67,152171,797710496.00,59,5320
ثزاگرس-ت,13971108,5150.86,5627,5151,5500.04,377274,2079953225.00,125,5230
ثزاگرس-ت,13971109,5573.86,5852,5517,5639.71,447970,2532389805.00,91,5500
ثزاگرس-ت,13971110,5885.13,5885,5557,5678.62,230200,1310270200.00,129,5640
ثزاگرس-ت,13971113,5636.71,5786,5397,5502.03,403910,2227585236.00,98,5679
ثزاگرس-ت,13971114,5734.48,5940,5479,5587.83,747261,4185106990.00,276,5502
ثزاگرس-ت,13971115,5886.13,6046,5557,5821.28,300692,1754546858.00,127,5588
ثزاگرس-ت,13971116,5774.39,5774,5487,5553.91,242132,1348013316.00,127,5821
ثزاگرس-ت,13971117,5487.07,5786,5397,5461.13,144224,789520923.00,59,5554
ثزاگرس-ت,13971121,5580.85,5581,5268,5329.44,163426,873024509.00,94,5461
ثزاگرس-ت,13971123,5251.62,5582,5252,5375.33,65128,350917138.00,41,5329
ثزاگرس-ت,13971124,5656.67,5657,5130,5301.50,101225,537859380.00,43,5375
ثزاگرس-ت,13971127,5147.87,5527,5140,5343.41,71182,381267031.00,44,5302
ثزاگرس-ت,13971128,5481.08,5487,5009,5093.99,261530,1335249662.00,84,5343
ثزاگرس-ت,13971129,5018.17,5382,5018,5081.02,335522,1708691571.00,92,5094
ثزاگرس-ت,13971130,5337.42,5337,5038,5108.96,89729,459507738.00,53,5081
ثزاگرس-ت,13971201,5097.98,5188,5098,5139.89,40748,209934642.00,25,5109
ثزاگرس-ت,13971204,5118.94,5186,5082,5099.98,78791,402751799.00,51,5140
ثزاگرس-ت,13971205,5068.06,5587,5058,5329.44,1006400,5375909496.00,276,5100
ثزاگرس-ت,13971206,5686.60,5687,5288,5451.15,327151,1787674060.00,163,5329
ثزاگرس-ت,13971207,5466.12,5466,5148,5207.73,151326,789972351.00,84,5451
ثزاگرس-ت,13971208,5356.38,5436,4988,5109.96,125975,645239294.00,75,5208
ثزاگرس-ت,13971211,5337.42,5435,5148,5229.67,421535,2209856133.00,143,5110
ثزاگرس-ت,13971212,5484.07,5752,5248,5603.79,737095,4140381224.00,264,5230
ثزاگرس-ت,13971213,6163.47,6163,5987,6148.51,1381874,8516292689.00,322,5604
ثزاگرس-ت,13971214,6327.09,6485,5689,6040.76,1050116,6358558776.00,455,6149
ثزاگرس-ت,13971215,5691.59,6482,5691,6274.21,824330,5184200560.00,359,6041
ثزاگرس-ت,13971218,6514.65,6901,6515,6887.77,392733,2711300544.00,149,6274
ثزاگرس-ت,13971219,7482.36,7482,6684,7122.21,922394,6585012384.00,500,6888
ثزاگرس-ت,13971220,6910.71,6911,6417,6576.50,888337,5856089460.00,472,7122
ثزاگرس-ت,13971221,6484.72,7232,6245,6774.03,1090279,7402755215.00,436,6576
ثزاگرس-ت,13971222,7013.47,7373,6540,7031.43,870847,6137764588.00,413,6774
ثزاگرس-ت,13971225,6963.59,7128,6645,6829.90,282677,1935161345.00,255,7031
ثزاگرس-ت,13971226,6818.93,6819,6335,6517.64,331582,2166388817.00,227,6830
ثزاگرس-ت,13971227,6384.95,6656,6327,6418.87,154793,996015516.00,119,6518
ثزاگرس-ت,13971228,6384.95,6744,6295,6487.71,240272,1562535331.00,173,6419
ثزاگرس-ت,13980105,6581.49,6982,6340,6772.04,257612,1748596756.00,187,6488
ثزاگرس-ت,13980106,6983.54,7170,6796,6988.53,514229,3601921213.00,316,6772
ثزاگرس-ت,13980107,7150.15,7150,6684,6774.03,260026,1765677144.00,231,6989
ثزاگرس-ت,13980110,6644.34,6871,6499,6732.13,319817,2158230205.00,179,6774
ثزاگرس-ت,13980111,6922.68,6974,6634,6747.10,183206,1239038614.00,122,6732
ثزاگرس-ت,13980117,6931.66,6932,6650,6779.02,149936,1018877737.00,89,6747
ثزاگرس-ت,13980118,6784.01,7134,6656,6909.71,945263,6546899809.00,368,6779
ثزاگرس-ت,13980119,6983.54,7333,6846,7163.12,532079,3820301920.00,238,6910
ثزاگرس-ت,13980120,7083.31,7182,6784,7024.44,264009,1858902686.00,145,7163
ثزاگرس-ت,13980121,7133.19,7727,7123,7644.98,803646,6158358807.00,292,7024
ثزاگرس-ت,13980124,7980.19,8081,7485,7689.88,509489,3926957632.00,171,7645
ثزاگرس-ت,13980125,7235.95,7722,6985,7255.90,288905,2101081079.00,157,7690
ثزاگرس-ت,13980126,7235.95,7752,7233,7549.21,422280,3195193108.00,155,7256
ثزاگرس-ت,13980127,7572.15,7572,6999,7141.17,193165,1382689779.00,121,7549
ثزاگرس-ت,13980128,6997.51,7231,6834,7111.24,160206,1141987832.00,85,7141
ثزاگرس-ت,13980131,7330.72,7642,7301,7393.57,176112,1305233343.00,85,7111
ثزاگرس-ت,13980202,7632.01,7632,6894,7055.37,198478,1403627826.00,114,7394
ثزاگرس-ت,13980203,6833.89,7123,6834,6936.65,176210,1225182675.00,96,7055
ثزاگرس-ت,13980204,6805.96,6883,6686,6777.03,207830,1411851726.00,122,6937
ثزاگرس-ت,13980207,6793.99,7122,6794,6958.60,165973,1157707713.00,93,6777
ثزاگرس-ت,13980208,6684.25,7482,6684,7137.18,440941,3154552494.00,189,6959
ثزاگرس-ت,13980209,7472.39,7472,6835,6937.65,269005,1870763145.00,110,7137
ثزاگرس-ت,13980210,7021.45,7233,6684,6880.78,147949,1020376135.00,90,6938
ثزاگرس-ت,13980211,7083.31,7273,6734,7122.21,178371,1273354147.00,85,6881
ثزاگرس-ت,13980214,7332.72,7333,6984,7125.21,504650,3604337972.00,164,7122
ثزاگرس-ت,13980215,7182.07,7182,6884,6989.53,441575,3093540604.00,184,7125
ثزاگرس-ت,13980216,6973.56,7062,6291,6500.68,355197,2314489469.00,152,6990
ثزاگرس-ت,13980217,6684.25,6684,5851,5926.03,544693,3235264620.00,193,6501
ثزاگرس-ت,13980218,6165.47,6197,5986,6066.70,253773,1543104631.00,114,5926
ثزاگرس-ت,13980221,6215.35,6673,6215,6658.31,720807,4810616550.00,146,6067
ثزاگرس-ت,13980222,7070.34,7070,6604,6696.22,427038,2866470534.00,144,6658
ثزاگرس-ت,13980223,6734.13,6984,6634,6859.83,316226,2174326397.00,102,6696
ثزاگرس-ت,13980224,6982.54,7545,6983,7396.57,859208,6369846139.00,226,6860
ثزاگرس-ت,13980225,8080.95,8130,7782,7989.17,1382460,11070894495.00,492,7397
ثزاگرس-ت,13980228,8769.33,8769,7881,8435.12,1012833,8563992541.00,422,7989
ثزاگرس-ت,13980229,8679.54,8680,7783,8041.05,546430,4404227417.00,267,8435
ثزاگرس-ت,13980230,8080.95,8530,7385,8119.86,675666,5499148734.00,252,8041
ثزاگرس-ت,13980231,8280.48,8931,8280,8721.44,784863,6860976231.00,248,8120
ثزاگرس-ت,13980301,9421.79,9593,8979,9575.43,734113,7045924756.00,163,8721
ثزاگرس-ت,13980304,9926.60,9927,8619,9459.70,1012411,9599827815.00,408,9575
ثزاگرس-ت,13980305,9856.77,9857,8619,9044.68,688678,6243679555.00,371,9460
ثزاگرس-ت,13980307,8978.84,9278,8281,8555.83,776530,6659329845.00,393,9045
ثزاگرس-ت,13980308,8321.39,9411,8320,9129.48,932122,8530264134.00,377,8556
ثزاگرس-ت,13980311,10042.33,10042,10042,10042.33,180686,1818785276.00,38,9129
ثزاگرس-ت,13980312,0,0,0,10042.33,0,0.00,0,10042
ثزاگرس-ت,13980313,0,0,0,10042.33,0,0.00,0,10042
ثزاگرس-ت,13980318,9048.67,9927,8144,8355.31,568102,4757740758.00,234,10042
ثزاگرس-ت,13980319,8419.16,9190,8191,9093.57,583660,5320199303.00,237,8355
ثزاگرس-ت,13980320,9946.56,9947,9257,9489.63,931324,8858573267.00,419,9094
ثزاگرس-ت,13980321,9661.23,10279,8779,9524.55,903784,8628017480.00,447,9490
ثزاگرس-ت,13980322,10026.37,10476,9482,10384.52,572318,5957075551.00,281,9525
ثزاگرس-ت,13980325,9378.89,10475,9379,9743.04,645755,6306406972.00,301,10385
ثزاگرس-ت,13980326,9976.49,10717,9478,10312.69,745905,7710147763.00,339,9743
ثزاگرس-ت,13980327,9434.76,10675,9430,10294.74,905730,9346353672.00,256,10313
ثزاگرس-ت,13980328,9976.49,11323,9827,10886.34,851019,9286230690.00,219,10295
ثزاگرس-ت,13980329,11974.78,11975,11975,11974.78,64796,777746388.00,33,10886
ثزاگرس-ت,13980401,13168.96,13172,10778,12872.66,2463558,31786608513.00,863,11975
ثزاگرس-ت,13980402,13526.12,13526,13526,13526.12,23450,317935100.00,6,12873
ثزاگرس-ت,13980403,0,0,0,13526.12,0,0.00,0,13526
ثزاگرس-ت,13980404,0,0,0,13526.12,0,0.00,0,13526
ثزاگرس-ت,13980405,13967.08,0,0,13526.12,0,0.00,0,13526
ثزاگرس-ت,13980409,13967.08,13967,12174,12670.14,880601,11183459330.00,431,13526
ثزاگرس-ت,13980410,12660.16,13568,11573,12558.40,1350174,16995830552.00,524,12670
ثزاگرس-ت,13980411,12424.72,12670,11771,12207.23,568881,6960767033.00,312,12558
ثزاگرس-ت,13980412,12211.22,13109,12211,12840.74,292422,3763674296.00,176,12207
ثزاگرس-ت,13980415,13838.38,13838,12121,12615.27,447675,5660823265.00,256,12841
ثزاگرس-ت,13980416,13149.01,13876,12402,13444.31,572245,7711625117.00,282,12615
ثزاگرس-ت,13980417,14523.77,14524,13468,14217.49,450466,6419752659.00,255,13444
ثزاگرس-ت,13980418,14406.05,14406,12870,13321.60,278484,3718536560.00,244,14217
ثزاگرس-ت,13980419,13568.02,13768,12201,12542.44,555657,6985635397.00,264,13322
ثزاگرس-ت,13980422,12470.61,12471,11288,11507.88,1050885,12122008433.00,389,12542
ثزاگرس-ت,13980423,12450.66,12451,11474,12035.63,216256,2608852055.00,185,11508
ثزاگرس-ت,13980424,12170.32,12170,10832,10941.21,760273,8338132003.00,340,12036
ثزاگرس-ت,13980425,10301.72,11268,9848,10201.95,435084,4449229442.00,236,10941
ثزاگرس-ت,13980426,9288.11,10962,9288,10261.81,338732,3484291908.00,257,10202
ثزاگرس-ت,13980429,10939.22,11287,10277,11150.72,671619,7506882091.00,310,10262
ثزاگرس-ت,13980430,11911.92,11912,10575,11014.04,688669,7602703143.00,375,11151
ثزاگرس-ت,13980431,10376.54,10775,10076,10440.39,209191,2189256213.00,176,11014
ثزاگرس-ت,13980501,10487.28,10775,10087,10339.63,244423,2533303700.00,139,10440
ثزاگرس-ت,13980502,10444.38,10474,10092,10208.94,196025,2005969772.00,130,10340
ثزاگرس-ت,13980505,10770.61,10771,10029,10386.52,303810,3163113126.00,183,10209
ثزاگرس-ت,13980506,10555.12,10560,9953,10086.23,508572,5141664972.00,306,10387
ثزاگرس-ت,13980507,10124.14,10186,9178,9820.85,484347,4767898800.00,230,10086
ثزاگرس-ت,13980508,9827.84,10803,9649,10401.48,2060658,21484721619.00,404,9821
ثزاگرس-ت,13980509,11441.03,11441,11441,11441.03,2420841,27762204588.00,361,10401
ثزاگرس-ت,13980512,11951.83,11952,11041,11566.74,1646899,19093744214.00,653,11441
ثزاگرس-ت,13980513,11870.02,11870,11174,11380.18,808995,9228345134.00,388,11567
ثزاگرس-ت,13980514,11612.63,12517,11176,12300.01,2283970,28159679941.00,778,11380
ثزاگرس-ت,13980515,0,0,0,12300.01,0,0.00,0,12300
ثزاگرس-ت,13980516,0,0,0,12300.01,0,0.00,0,12300
ثزاگرس-ت,13980519,12301.01,12793,12301,12628.24,127397,1612621763.00,49,12300
ثزاگرس-ت,13980520,13069.20,13069,11503,11945.84,1535267,18382963979.00,696,12628
ثزاگرس-ت,13980522,11473.96,13140,11373,13000.36,2051225,26728566979.00,628,11946
ثزاگرس-ت,13980523,13327.59,13891,12670,13251.77,1220998,16218451805.00,575,13000
ثزاگرس-ت,13980526,13607.93,13608,12486,12977.41,1031169,13413563673.00,440,13252
ثزاگرس-ت,13980527,13857.34,13857,12969,13304.64,452033,6028267652.00,264,12977
ثزاگرس-ت,13980528,13178.94,14635,13179,14563.67,1868342,27273987313.00,625,13305
ثزاگرس-ت,13980530,16019.24,16019,16015,16019.24,806372,12947914094.00,239,14564
ثزاگرس-ت,13980602,17620.47,17620,16073,17556.62,1401413,24662608777.00,421,16019
ثزاگرس-ت,13980603,18456.50,19311,15802,18330.80,1967891,36158414814.00,984,17557
ثزاگرس-ت,13980604,0,0,0,18330.80,0,0.00,0,18331
ثزاگرس-ت,13980605,0,0,0,18330.80,0,0.00,0,18331
ثزاگرس-ت,13980606,0,0,0,18330.80,0,0.00,0,18331
ثزاگرس-ت,13980609,0,0,0,18330.80,0,0.00,0,18331
ثزاگرس-ت,13980610,0,0,0,18330.80,0,0.00,0,18331
ثزاگرس-ت,13980611,0,0,0,18330.80,0,0.00,0,18331
ثزاگرس-ت,13980612,0,0,0,18330.80,0,0.00,0,18331
ثزاگرس-ت,13980613,0,0,0,18330.80,0,0.00,0,18331
ثزاگرس-ت,13980616,0,0,0,18330.80,0,0.00,0,18331
ثزاگرس-ت,13980617,0,0,0,18330.80,0,0.00,0,18331
ثزاگرس-ت,13980620,0,0,0,18330.80,0,0.00,0,18331
ثزاگرس-ت,13980623,0,0,0,18330.80,0,0.00,0,18331
ثزاگرس-ت,13980624,0,0,0,18330.80,0,0.00,0,18331
ثزاگرس-ت,13980625,0,0,0,18330.80,0,0.00,0,18331
ثزاگرس-ت,13980626,11971.78,11972,11972,11971.78,343445,4121340000.00,32,18331
ثزاگرس-ت,13980627,11612.63,11613,11613,11612.63,40713,473899320.00,60,11972
ثزاگرس-ت,13980630,11612.63,11613,11613,11612.63,4561,53090040.00,9,11613
ثزاگرس-ت,13980631,11612.63,11613,11613,11612.63,229539,2671833960.00,31,11613
ثزاگرس-ت,13980701,11612.63,12754,11613,12068.56,1336947,16173694838.00,226,11613
ثزاگرس-ت,13980702,13136.04,13136,12372,12575.36,707659,8919899593.00,221,12069
ثزاگرس-ت,13980703,12198.25,12198,12198,12198.25,72733,889306391.00,26,12575
ثزاگرس-ت,13980706,11833.11,11833,11833,11833.11,67505,800676805.00,24,12198
ثزاگرس-ت,13980707,11478.95,11479,11479,11478.95,362879,4175285774.00,78,11833
ثزاگرس-ت,13980708,11283.41,11821,11135,11188.63,1079126,12102495659.00,398,11479
ثزاگرس-ت,13980709,10858.41,11273,10853,10864.39,541048,5891984505.00,174,11189
ثزاگرس-ت,13980710,10539.16,10539,10539,10539.16,13452,142106928.00,11,10864
ثزاگرس-ت,13980713,10223.90,10224,10224,10223.90,138794,1422360912.00,38,10539
ثزاگرس-ت,13980714,9917.63,9918,9918,9917.63,23334,231963294.00,23,10224
ثزاگرس-ت,13980715,9620.33,10214,9620,9704.13,1450644,14109978996.00,406,9918
ثزاگرس-ت,13980716,0,0,0,9704.13,0,0.00,0,9704
ثزاگرس-ت,13980717,0,0,0,9704.13,0,0.00,0,9704
ثزاگرس-ت,13980720,9976.49,9976,9976,9976.49,9256,92560000.00,9,9704
ثزاگرس-ت,13980721,10265.80,10276,9677,9844.80,1032983,10193117652.00,342,9976
ثزاگرس-ت,13980722,9549.49,10140,9549,9871.73,829257,8205692917.00,208,9845
ثزاگرس-ت,13980723,10165.04,10165,9576,9596.38,72422,696624627.00,51,9872
ثزاگرس-ت,13980724,9309.06,9309,9309,9309.06,41696,389065376.00,26,9596
ثزاگرس-ت,13980728,9030.72,9031,9031,9030.72,3293,29808236.00,7,9309
ثزاگرس-ت,13980729,8579.78,8580,8580,8579.78,38224,328726400.00,18,9031
ثزاگرس-ت,13980730,8330.37,8580,8322,8355.31,379386,3177168847.00,146,8580
ثزاگرس-ت,13980801,8104.90,8106,8105,8104.90,145413,1181346212.00,36,8355
ثزاگرس-ت,13980804,7863.47,8211,7862,7944.28,368970,2938216146.00,234,8105
ثزاگرس-ت,13980806,8181.72,8182,8182,8181.72,68481,561612681.00,16,7944
ثزاگرس-ت,13980808,8427.14,8427,8427,8427.14,4149,35046603.00,7,8182
ثزاگرس-ت,13980811,8679.54,8680,8191,8581.77,481545,4142369426.00,235,8427
ثزاگرس-ت,13980812,8579.78,8680,8324,8376.26,418131,3510633405.00,216,8582
ثزاگرس-ت,13980813,8576.79,8577,8126,8198.68,183867,1510936889.00,126,8376
ثزاگرس-ت,13980814,7954.25,8279,7953,7971.21,394492,3152097183.00,184,8199
ثزاگرس-ت,13980818,8120.86,8210,7981,8202.67,353746,2908431597.00,157,7971
ثزاگرس-ت,13980819,8448.09,8448,7957,8147.80,515022,4206421087.00,222,8203
ثزاگرس-ت,13980820,8180.72,8392,7982,8359.30,345660,2896125581.00,153,8148
ثزاگرس-ت,13980821,8480.01,8610,8380,8601.73,352868,3042587085.00,111,8359
ثزاگرس-ت,13980822,8848.15,8859,8480,8833.18,282973,2505467903.00,146,8602
ثزاگرس-ت,13980825,9097.56,9098,8680,9051.67,617142,5599128445.00,231,8833
ثزاگرس-ت,13980826,9308.06,9308,8780,9123.50,330195,3019556837.00,139,9052
ثزاگرس-ت,13980827,8850.14,9391,8850,8901.02,259494,2315187222.00,96,9123
ثزاگرس-ت,13980828,8978.84,9167,8979,9157.42,486626,4466764090.00,152,8901
ثزاگرس-ت,13980829,9278.13,9432,9128,9343.98,261089,2445471048.00,163,9157
ثزاگرس-ت,13980902,9566.45,9566,9065,9172.38,289799,2664431347.00,137,9344
ثزاگرس-ت,13980903,9427.78,9428,8899,9123.50,310092,2835679382.00,148,9172
ثزاگرس-ت,13980904,9178.37,9374,8909,9086.58,508758,4633910945.00,243,9123
ثزاگرس-ت,13980905,9278.13,9359,9061,9223.26,543100,5020866362.00,197,9087
ثزاگرس-ت,13980906,9499.61,9500,9278,9489.63,635650,6046065791.00,105,9223
ثزاگرس-ت,13980909,9773.96,9774,9774,9773.96,181341,1776597777.00,28,9490
ثزاگرس-ت,13980910,10261.81,10262,10262,10261.81,245131,2521417466.00,44,9774
ثزاگرس-ت,13980911,10569.09,10569,10276,10563.10,712373,7542657088.00,154,10262
ثزاگرس-ت,13980912,10879.36,10879,10475,10878.36,1055069,11504342801.00,205,10563
ثزاگرس-ت,13980913,11204.59,11205,10880,11188.63,506762,5683264312.00,193,10878
ثزاگرس-ت,13980916,11522.84,11523,10854,11085.87,961913,10689110952.00,324,11189
ثزاگرس-ت,13980917,10753.65,11261,10754,10942.21,412205,4520915138.00,266,11086
ثزاگرس-ت,13980918,11073.90,11174,10785,10987.10,249092,2743217287.00,175,10942
ثزاگرس-ت,13980919,11173.66,11316,10658,11260.46,984229,11109150071.00,250,10987
ثزاگرس-ت,13980920,10925.25,11572,10925,11273.43,283208,3200110202.00,165,11260
ثزاگرس-ت,13980923,11565.74,11566,10935,10997.08,538939,5940844103.00,292,11273
ثزاگرس-ت,13980924,10679.83,11162,10680,10848.43,348763,3792311427.00,176,10997
ثزاگرس-ت,13980925,10974.14,11074,10535,10839.45,233932,2541766145.00,173,10848
ثزاگرس-ت,13980926,10974.14,11150,10597,10796.55,498462,5394143588.00,229,10839
ثزاگرس-ت,13980927,11073.90,11120,11073,11118.79,827103,9218025136.00,162,10797
ثزاگرس-ت,13980930,11452.01,11452,11373,11451.01,573502,6582630898.00,145,11119
ثزاگرس-ت,13981001,11794.20,11794,11793,11794.20,320611,3790262542.00,62,11451
ثزاگرس-ت,13981002,12147.37,12147,11444,12057.58,690466,8344803473.00,245,11794
ثزاگرس-ت,13981003,12418.73,12419,12419,12418.73,45286,563720128.00,26,12058
ثزاگرس-ت,13981004,13039.27,13039,13039,13039.27,157036,2052460520.00,31,12419
ثزاگرس-ت,13981007,13430.35,13430,13430,13430.35,28004,376989848.00,13,13039
ثزاگرس-ت,13981008,13832.40,13832,13832,13832.40,62899,872094635.00,41,13430
ثزاگرس-ت,13981009,14246.42,14246,14246,14246.42,37647,537599160.00,20,13832
ثزاگرس-ت,13981010,14958.74,14959,14959,14958.74,758029,11365886826.00,169,14246
ثزاگرس-ت,13981011,15406.69,15407,15407,15406.69,97036,1498526948.00,42,14959
ثزاگرس-ت,13981014,14944.78,14945,14945,14944.78,24105,361092900.00,26,15407
ثزاگرس-ت,13981015,14615.55,15393,14497,15012.62,1741092,26199325187.00,518,14945
ثزاگرس-ت,13981017,14563.67,14965,14563,14571.66,260271,3801471331.00,92,15013
ثزاگرس-ت,13981018,14280.34,14280,14280,14280.34,29888,427816832.00,8,14572
ثزاگرس-ت,13981021,14565.67,14566,14565,14565.67,366453,5350206800.00,94,14280
ثزاگرس-ت,13981022,15001.64,15003,14200,14951.76,1300356,19488523386.00,356,14566
ثزاگرس-ت,13981023,15188.20,15400,14815,15271.01,613493,9390727281.00,235,14952
ثزاگرس-ت,13981024,15465.55,15729,14813,15273.00,1151051,17621234759.00,430,15271
ثزاگرس-ت,13981025,0,0,0,15273.00,0,0.00,0,15273
ثزاگرس-ت,13981028,0,0,0,15273.00,0,0.00,0,15273
ثزاگرس-ت,13981029,0,0,0,15273.00,0,0.00,0,15273
ثزاگرس-ت,13981030,0,0,0,15273.00,0,0.00,0,15273
ثزاگرس-ت,13981101,0,0,0,15273.00,0,0.00,0,15273
ثزاگرس-ت,13981102,15730.92,16203,15731,16036.20,61055,981421444.00,49,15273
ثزاگرس-ت,13981105,0,0,0,16036.20,0,0.00,0,16036
ثزاگرس-ت,13981106,0,0,0,16036.20,0,0.00,0,16036
ثزاگرس-ت,13981107,16517.07,0,0,16036.20,0,0.00,0,16036
ثزاگرس-ت,13981108,16517.07,17012,16022,16484.15,1005786,16618409306.00,253,16036
ثزاگرس-ت,13981112,16005.28,16005,15990,15990.31,793076,12711709739.00,222,16484
ثزاگرس-ت,13981113,0,0,0,15990.31,0,0.00,0,15990
ثزاگرس-ت,13981114,0,0,0,15990.31,0,0.00,0,15990
ثزاگرس-ت,13981115,0,0,0,15990.31,0,0.00,0,15990
ثزاگرس-ت,13981116,16659.73,17159,16161,16371.41,33438,548707162.00,24,15990
ثزاگرس-ت,13981119,15880.57,15881,15881,15880.57,28756,457738008.00,40,16371
ثزاگرس-ت,13981120,15404.69,15405,15405,15404.69,141314,2182029474.00,55,15881
ثزاگرس-ت,13981121,14942.78,15405,14943,14951.76,1671644,25053227844.00,372,15405
ثزاگرس-ت,13981123,15058.51,15699,14738,15513.44,1470838,22871053920.00,565,14952
ثزاگرس-ت,13981126,15862.61,15978,15863,15961.38,749719,11994532856.00,279,15513
ثزاگرس-ت,13981127,16381.39,16439,15963,16384.38,860854,14138087170.00,241,15961
ثزاگرس-ت,13981128,16875.23,16875,16761,16871.24,666240,11266807451.00,194,16384
ثزاگرس-ت,13981129,17713.25,17714,16760,17522.70,476113,8362417803.00,260,16871
ثزاگرس-ت,13981130,18047.46,18047,17735,18034.49,520784,9413953182.00,307,17523
ثزاگرس-ت,13981203,17493.77,18569,17494,17900.81,345046,6191125426.00,301,18034
ثزاگرس-ت,13981204,18416.59,18438,17569,18152.22,1255862,22850853463.00,520,17901
ثزاگرس-ت,13981205,18695.94,18696,17958,18576.22,292880,5453486564.00,222,18152
ثزاگرس-ت,13981206,18256.97,19133,18257,18990.24,747953,14236954490.00,321,18576
ثزاگرس-ت,13981207,19559.90,19560,18511,19322.46,427093,8271903245.00,266,18990
ثزاگرس-ت,13981210,18742.82,18743,18743,18742.82,170152,3196645624.00,78,19322
ثزاگرس-ت,13981211,18181.15,19299,18181,18219.06,790764,14440916117.00,363,18743
ثزاگرس-ت,13981212,17673.35,18466,17673,17783.09,892982,15856107691.00,431,18219
ثزاگرس-ت,13981213,17204.45,18672,17204,18446.52,2227699,41189611453.00,461,17783
ثزاگرس-ت,13981214,18999.22,18999,18999,18848.58,752049,14322021156.00,206,18447
ثزاگرس-ت,13981217,19409.25,19413,19055,19076.04,436931,8496639614.00,216,18849
ثزاگرس-ت,13981219,19647.69,19648,18516,19601.80,973739,19176468421.00,174,19076
ثزاگرس-ت,13981220,20187.42,20189,19753,20188.42,1158552,23444615059.00,195,19602
ثزاگرس-ت,13981221,20793.99,20794,20791,20382.96,340708,7101355334.00,99,20188
ثزاگرس-ت,13981224,21401.56,21402,19364,20172.46,605583,12166184058.00,358,20383
ثزاگرس-ت,13981225,19567.88,20777,19568,19947.98,667065,13268090874.00,264,20172
ثزاگرس-ت,13981226,20536.60,20537,19350,19898.10,518434,10317293591.00,291,19948
ثزاگرس-ت,13981227,20386.95,20387,19302,19783.37,206908,4013726437.00,129,19898
ثزاگرس-ت,13981228,19190.77,19302,19191,19190.77,1690342,32515616360.00,401,19783
ثزاگرس-ت,13990105,18615.13,19743,18615,18979.27,748536,14178761480.00,222,19191
ثزاگرس-ت,13990106,19254.62,19255,18432,18805.68,689226,12931403781.00,365,18979
ثزاگرس-ت,13990109,19354.38,19354,18242,18636.08,959217,17900918520.00,562,18806
ثزاگرس-ت,13990110,19184.78,19185,18077,18286.90,959015,17543295307.00,542,18636
ثزاگرس-ت,13990111,18455.50,18456,17739,17966.65,625872,11131248552.00,293,18287
ثزاگرس-ت,13990116,18257.97,18505,17428,17943.71,1765553,31754775710.00,799,17967
ثزاگرس-ت,13990117,18481.44,18481,18437,18452.51,1052011,19487318528.00,561,17944
ثزاگرس-ت,13990118,19005.21,19005,17969,18504.39,362439,6760986801.00,312,18453
ثزاگرس-ت,13990119,18955.32,18955,17950,18260.96,624793,11318042983.00,487,18504
ثزاگرس-ت,13990120,18656.03,18656,17714,18180.15,1101632,20074808344.00,629,18261
ثزاگرس-ت,13990123,18724.87,18725,17859,18356.73,486960,9068519813.00,269,18180
ثزاگرس-ت,13990124,18256.97,18706,17988,18338.78,472456,8673920601.00,314,18357
ثزاگرس-ت,13990125,18256.97,18656,17789,18134.26,454947,8137568546.00,226,18339
ثزاگرس-ت,13990126,17590.54,17591,17591,18040.48,189347,3338566304.00,74,18134
ثزاگرس-ت,13990127,17499.75,18107,17500,17597.52,929433,16319942254.00,581,18040
ثزاگرس-ت,13990130,17509.73,18476,17510,18335.78,1289924,23707115585.00,518,17598
ثزاگرس-ت,13990131,18581.21,18705,17786,18270.94,808695,14789593759.00,486,18336
ثزاگرس-ت,13990201,17723.23,18307,17723,18162.19,474151,8560307751.00,310,18271
ثزاگرس-ت,13990202,17619.47,18097,17617,17897.82,596142,10552763324.00,406,18162
ثزاگرس-ت,13990203,17948.70,18435,17948,18243.00,870053,16001364540.00,288,17898
ثزاگرس-ت,13990206,18789.71,18790,18790,18598.17,709662,13365774108.00,370,18243
ثزاگرس-ت,13990207,19155.85,19156,18040,18368.71,1625422,29927971670.00,686,18598
ثزاگرس-ت,13990208,18919.41,18919,18897,18708.90,679849,12890646277.00,315,18369
ثزاگرس-ت,13990209,19269.58,19270,19205,19238.66,1036376,20015591798.00,445,18709
ثزاگرس-ت,13990210,19815.30,19815,19299,19659.66,941223,18611704882.00,560,19239
ثزاگرس-ت,13990213,20642.35,20642,20073,20127.56,494603,10222665289.00,358,19660
ثزاگرس-ت,13990214,20731.14,20731,20660,20597.45,792340,16463034212.00,420,20128
ثزاگرس-ت,13990215,19979.91,20651,19980,20102.62,854139,17130665348.00,421,20597
ثزاگرس-ت,13990216,19500.04,20480,19500,19583.84,995101,19523601973.00,317,20103
ثزاگرس-ت,13990217,18997.23,19275,18997,19029.15,970960,18495806473.00,332,19584
ثزاگرس-ت,13990220,18079.39,19980,18079,19669.64,765462,15273759304.00,327,19029
ثزاگرس-ت,13990221,20258.25,20258,19080,19290.53,822380,15815260570.00,330,19670
ثزاگرس-ت,13990222,19320.46,19554,18712,19122.93,372380,7023925724.00,221,19291
ثزاگرس-ت,13990223,18549.28,18935,18549,18916.42,393425,7323746368.00,173,19123
ثزاگرس-ت,13990224,18356.73,18940,18350,18775.75,329645,6102092733.00,256,18916
ثزاگرس-ت,13990227,18357.73,18359,18213,18683.96,176346,3220542595.00,114,18776
ثزاگرس-ت,13990228,18124.28,18756,18124,18652.04,67365,1227921683.00,75,18684
ثزاگرس-ت,13990229,18133.26,19211,18132,18803.68,628088,11904434396.00,322,18652
ثزاگرس-ت,13990230,19363.36,19367,18456,19248.63,867993,16833479642.00,262,18804
ثزاگرس-ت,13990231,19819.29,19819,18672,19192.76,469783,9004469115.00,283,19249
ثزاگرس-ت,13990303,18617.12,19353,18617,19108.96,155094,2896631816.00,109,19193
ثزاگرس-ت,13990306,18536.31,18955,18536,19035.14,135954,2526994686.00,58,19109
ثزاگرس-ت,13990307,18464.48,18636,18464,18980.27,100200,1854674584.00,75,19035
ثزاگرس-ت,13990310,18412.60,19255,18412,18807.67,381042,7067098253.00,251,18980
ثزاگرس-ت,13990311,19005.21,19005,18244,18724.87,167975,3079648797.00,161,18808
ثزاگرس-ت,13990312,18167.18,18854,18163,18655.03,140232,2558805924.00,122,18725
ثزاگرس-ت,13990313,18096.35,19214,18096,18785.72,491833,9334479941.00,315,18655
ثزاگرس-ت,13990317,19348.40,19348,18856,19023.16,490241,9483938628.00,163,18786
ثزاگرس-ت,13990318,19593.82,19594,18768,19230.68,400352,7855210914.00,160,19023
ثزاگرس-ت,13990319,19807.32,19807,18756,19517.00,557762,11056500607.00,160,19231
ثزاگرس-ت,13990320,20101.62,20102,20102,19603.80,157410,3171654090.00,64,19517
ثزاگرس-ت,13990321,20191.41,20191,19454,19979.91,762549,15384190086.00,280,19604
ثزاگرس-ت,13990324,20578.50,20578,19382,20330.08,688708,14143039959.00,312,19980
ثزاگرس-ت,13990325,20930.67,20940,20931,20462.77,218054,4576504511.00,118,20330
ثزاگرس-ت,13990326,21076.33,21076,21076,20706.20,395674,8359008924.00,116,20463
ثزاگرس-ت,13990327,21326.73,21327,21327,20872.80,267469,5717684813.00,118,20706
ثزاگرس-ت,13990331,21498.33,21498,21001,21172.10,490568,10550209925.00,184,20873
ثزاگرس-ت,13990401,21806.60,21807,20538,21088.30,497005,10466827426.00,254,21172
ثزاگرس-ت,13990402,20455.79,21070,20456,20654.32,678518,13927008633.00,231,21088
ثزاگرس-ت,13990403,20751.09,20751,20035,20054.73,1993175,40066439070.00,399,20654
ثزاگرس-ت,13990404,19504.03,20656,19504,20277.21,509036,10445807080.00,185,20055
ثزاگرس-ت,13990407,20884.78,20885,19704,20390.94,426478,8780601141.00,193,20277
ثزاگرس-ت,13990408,20002.86,20851,19779,20111.60,521517,10383954772.00,169,20391
ثزاگرس-ت,13990409,19509.02,19953,19509,19859.19,426222,8343517158.00,170,20112
ثزاگرس-ت,13990410,19264.60,20448,19265,19841.24,674869,13416685213.00,409,19859
ثزاگرس-ت,13990411,20431.84,20436,19554,20073.69,603442,12230141712.00,322,19841
ثزاگرس-ت,13990414,20675.27,20675,19472,20232.31,707967,14402752061.00,338,20074
ثزاگرس-ت,13990415,20651.33,20839,20232,20522.63,501859,10467099703.00,204,20232
ثزاگرس-ت,13990416,21138.18,21138,21138,20715.18,310779,6584785452.00,121,20523
ثزاگرس-ت,13990417,21335.71,21336,20095,21122.22,803382,17087052541.00,209,20715
ثزاگرس-ت,13990418,22177.73,22178,20093,21984.19,831398,18460735300.00,224,21122
ثزاگرس-ت,13990421,22643.63,22644,21325,22323.39,670802,15089952875.00,168,21984
ثزاگرس-ت,13990422,22992.81,22993,22993,22773.33,610441,14068833727.00,145,22323
ثزاگرس-ت,13990423,23455.72,23456,23456,22958.89,247221,5812412931.00,74,22773
ثزاگرس-ت,13990424,24106.18,24106,23993,23935.59,772540,18666762440.00,240,22959
ثزاگرس-ت,13990425,24652.90,24653,24653,24106.18,216318,5345434098.00,65,23936
ثزاگرس-ت,13990428,24828.48,24828,24828,24257.83,173787,4325037069.00,73,24106
ثزاگرس-ت,13990429,24985.11,24985,24985,24513.22,290610,7278036840.00,70,24258
ثزاگرس-ت,13990430,25738.34,25738,25738,25738.34,1005613,25943809787.00,125,24513
ثزاگرس-ت,13990431,26509.52,26510,26510,25805.18,72246,1919720712.00,45,25738
ثزاگرس-ت,13990501,26578.36,26578,26578,25944.85,149347,3978753427.00,53,25805
ثزاگرس-ت,13990504,26723.02,26723,26723,26316.97,367400,9841176400.00,56,25945
ثزاگرس-ت,13990505,27631.87,27632,26723,27626.89,851265,23573029056.00,186,26317
ثزاگرس-ت,13990506,28454.93,28455,27627,28294.31,722949,20534081162.00,293,27627
ثزاگرس-ت,13990507,29142.31,29142,27446,28290.32,450100,12762376589.00,245,28294
ثزاگرس-ت,13990508,0,0,0,28290.32,0,0.00,0,28290
ثزاگرس-ت,13990511,0,0,0,28290.32,0,0.00,0,28290
ثزاگرس-ت,13990512,0,0,0,28290.32,0,0.00,0,28290
ثزاگرس-ت,13990513,29138.32,29138,29138,28359.16,57361,1675342727.00,27,28290
ثزاگرس-ت,13990514,29209.16,29209,27509,27783.52,1829483,50949219371.00,493,28359
ثزاگرس-ت,13990515,28615.56,28617,26950,28506.81,1630576,46592286962.00,333,27784
ثزاگرس-ت,13990519,27652.82,28732,27652,27701.71,859202,23857320980.00,189,28507
ثزاگرس-ت,13990520,26870.67,26871,26871,27588.98,94978,2558137452.00,46,27702
ثزاگرس-ت,13990521,26761.92,28415,26762,26893.61,1020818,27517859113.00,207,27589
ثزاگرس-ت,13990522,27525.13,27525,26088,26437.69,408283,10685929775.00,115,26894
ثزاگرس-ت,13990525,25644.56,27231,25645,26047.61,470377,12170068025.00,119,26438
ثزاگرس-ت,13990526,25266.45,26827,25266,26013.69,60044,1541837584.00,64,26048
ثزاگرس-ت,13990527,25233.53,26794,25234,26069.56,353896,9269932247.00,118,26014
ثزاگرس-ت,13990528,26850.72,26851,26071,26125.42,160649,4239894164.00,80,26070
ثزاگرس-ت,13990529,25344.27,26737,25342,26009.70,141737,3624215991.00,75,26125
ثزاگرس-ت,13990601,26537.45,26537,25230,25967.80,44652,1132213742.00,44,26010
ثزاگرس-ت,13990602,25189.63,26039,25190,25857.06,109427,2763247754.00,72,25968
ثزاگرس-ت,13990603,25081.88,25082,25082,25841.10,16074,404116434.00,19,25857
ثزاگرس-ت,13990604,24549.14,26909,24549,25790.21,265551,6839523801.00,145,25841
ثزاگرس-ت,13990605,25040.98,26563,25017,25694.44,133586,3379870625.00,109,25790
ثزاگرس-ت,13990610,25017.04,26428,24924,25637.57,60919,1524529990.00,53,25694
ثزاگرس-ت,13990611,24869.39,24869,24869,25636.58,1499,37367072.00,2,25638
ثزاگرس-ت,13990612,0,0,0,25636.58,0,0.00,0,25637
ثزاگرس-ت,13990615,24868.39,26405,24356,25388.16,181720,4476003462.00,110,25637
ثزاگرس-ت,13990616,24626.96,24627,24627,25364.22,24034,593279290.00,15,25388
ثزاگرس-ت,13990617,24604.01,24604,24604,25364.22,218,5376316.00,2,25364
ثزاگرس-ت,13990618,24604.01,25363,24604,25206.59,166270,4104516866.00,127,25364
ثزاگرس-ت,13990619,23946.56,24941,23947,25053.95,107247,2590815865.00,49,25207
ثزاگرس-ت,13990622,24302.72,24304,24303,25031.00,24234,590340450.00,21,25054
ثزاگرس-ت,13990623,24280.77,24281,24281,25030.01,1353,32929314.00,3,25031
ثزاگرس-ت,13990624,24279.77,24280,24280,25029.01,784,19080208.00,3,25030
ثزاگرس-ت,13990625,23777.96,25828,23778,24668.86,372501,9057772391.00,201,25029
ثزاگرس-ت,13990626,24245.85,24941,23930,24367.57,368367,8868452054.00,123,24669
ثزاگرس-ت,13990629,23637.29,23637,23637,24345.62,24729,585904197.00,15,24368
ثزاگرس-ت,13990630,23615.34,23615,23615,24340.63,5155,122024005.00,12,24346
ثزاگرس-ت,13990631,0,0,0,24340.63,0,0.00,0,24341
ثزاگرس-ت,13990701,23611.35,23611,23611,24339.63,1053,24921351.00,2,24341
ثزاگرس-ت,13990702,23610.35,23610,23610,24337.64,2201,52088866.00,7,24340
ثزاگرس-ت,13990705,23608.36,23608,23608,24337.64,250,5916000.00,2,24338
ثزاگرس-ت,13990706,23121.50,25554,23122,24710.76,1313763,32541204799.00,195,24338
ثزاگرس-ت,13990707,25452.01,25452,25452,24905.30,214641,5475921192.00,78,24711
ثزاگرس-ت,13990708,25651.54,25652,25652,25166.68,287062,7380938144.00,61,24905
ثزاگرس-ت,13990709,25920.91,25921,25921,25243.50,83359,2165833538.00,91,25167
ثزاگرس-ت,13990712,26505.53,26506,26506,26505.53,855671,22733467128.00,82,25244
ثزاگرس-ت,13990713,27300.66,27301,27301,26667.15,161045,4406996425.00,42,26506
ثزاگرس-ت,13990714,27466.26,27466,27466,26730.00,62006,1707087186.00,22,26667
ثزاگرس-ت,13990715,0.00,0,0,26793.00,0,0.00,0,26730
ثزاگرس-ت,13990716,27596.00,27596,27596,27011.00,215039,5934216244.00,75,26793
ثزاگرس-ت,13990719,28361.00,28361,28361,27773.00,417706,11846559866.00,131,27011
ثزاگرس-ت,13990720,28606.00,28606,28606,28163.00,346287,9905885922.00,79,27773
ثزاگرس-ت,13990721,29007.00,29007,29007,28738.00,504478,14633393346.00,92,28163
ثزاگرس-ت,13990722,29600.00,29600,29600,28835.00,83531,2472517600.00,35,28738
ثزاگرس-ت,13990723,30276.00,30276,30274,29855.00,524319,15874280640.00,186,28835
ثزاگرس-ت,13990727,30750.00,30750,30750,30345.00,366702,11276086500.00,61,29855
ثزاگرس-ت,13990728,31255.00,31255,31255,30513.00,124007,3875838785.00,75,30345
ثزاگرس-ت,13990729,31428.00,31428,30513,31422.00,846647,26603400226.00,192,30513
ثزاگرس-ت,13990730,32993.00,32993,31500,32982.00,2827052,93241060329.00,835,31422
ثزاگرس-ت,13990803,33971.00,33971,32982,33752.00,567544,19185752047.00,224,32982
ثزاگرس-ت,13990805,34764.00,34764,34764,34507.00,452197,15720176508.00,121,33752
ثزاگرس-ت,13990806,35542.00,35542,35542,35094.00,343721,12216531782.00,114,34507
ثزاگرس-ت,13990807,36848.00,36848,36848,36379.00,444190,16367513120.00,93,35094
ثزاگرس-ت,13990810,37470.00,37470,37470,36856.00,240495,9011347650.00,80,36379
ثزاگرس-ت,13990811,37961.00,37961,37961,37224.00,182900,6943066900.00,133,36856
ثزاگرس-ت,13990812,38340.00,38340,38340,37595.00,182728,7005791520.00,89,37224
ثزاگرس-ت,13990814,39474.00,39474,37595,39394.00,1319534,51981989602.00,280,37595
ثزاگرس-ت,13990817,40575.00,40575,39400,40550.00,1011071,40998495918.00,338,39394
ثزاگرس-ت,13990818,41766.00,41766,41766,41484.00,389803,16280512098.00,117,40550
ثزاگرس-ت,13990819,42728.00,42728,42728,42314.00,338585,14467059880.00,74,41484
ثزاگرس-ت,13990820,44429.00,44429,44429,44429.00,544354,24185103866.00,107,42314
ثزاگرس-ت,13990821,45761.00,45761,45761,45761.00,552798,25296589278.00,126,44429
ثزاگرس-ت,13990824,47133.00,47133,44389,45825.00,1503908,68915902786.00,535,45761
ثزاگرس-ت,13990825,44451.00,44451,44451,45129.00,221454,9843851754.00,49,45825
ثزاگرس-ت,13990826,43776.00,43776,43776,44479.00,209981,9192128256.00,25,45129
ثزاگرس-ت,13990827,42256.00,42256,42256,43380.00,215987,9126746672.00,24,44479
ثزاگرس-ت,13990828,42079.00,42079,42079,42771.00,204712,8614076248.00,27,43380
ثزاگرس-ت,13990901,41488.00,41488,41488,42219.00,201301,8351575888.00,21,42771
ثزاگرس-ت,13990902,40953.00,40953,40953,42208.00,4141,169586373.00,5,42219
ثزاگرس-ت,13990903,40098.00,40098,40098,40098.00,648691,26011211718.00,187,42208
ثزاگرس-ت,13990904,38896.00,41300,38896,39925.00,5344203,213368480254.00,1901,40098
ثزاگرس-ت,13990905,0.00,0,0,39925.00,0,0.00,0,39925
ثزاگرس-ت,13990908,41750.00,41750,37929,38835.00,1214634,47170000473.00,653,39925
ثزاگرس-ت,13990909,38000.00,40700,38000,39130.00,1191098,46607071757.00,1045,38835
ثزاگرس-ت,13990910,38600.00,40300,37174,37884.00,1007942,38185122728.00,656,39130
ثزاگرس-ت,13990911,38500.00,38500,35990,36411.00,882978,32150233485.00,487,37884
ثزاگرس-ت,13990912,36040.00,38231,35200,37693.00,931540,35112634878.00,508,36411
ثزاگرس-ت,13990915,39577.00,39577,38300,39502.00,545086,21532012314.00,242,37693
ثزاگرس-ت,13990916,41477.00,41477,41477,40379.00,235493,9767543161.00,67,39502
ثزاگرس-ت,13990917,42397.00,42397,38750,41355.00,415169,17282111591.00,355,40379
ثزاگرس-ت,13990918,39288.00,42000,39288,40011.00,1086760,43482774367.00,773,41355
ثزاگرس-ت,13990919,39100.00,42011,38011,41301.00,1030359,42554852983.00,549,40011
ثزاگرس-ت,13990922,43366.00,43366,39700,41227.00,580923,23949949288.00,498,41301
ثزاگرس-ت,13990923,39300.00,40700,39166,39840.00,402959,15941163313.00,247,41227
ثزاگرس-ت,13990925,0.00,0,0,39840.00,0,0.00,0,39840
ثزاگرس-ت,13990926,41555.00,41832,37848,41258.00,876017,36143025489.00,163,39840
ثزاگرس-ت,13990929,43320.00,43320,42010,43304.00,978266,42362574876.00,390,41258
ثزاگرس-ت,13990930,45460.00,45469,44200,45352.00,1322642,59985006233.00,692,43304
ثزاگرس-ت,13991001,47600.00,47619,45807,47559.00,745977,35478193624.00,442,45352
ثزاگرس-ت,13991002,49936.00,49936,49936,49246.00,344085,17182228560.00,178,47559
ثزاگرس-ت,13991003,51708.00,51708,51708,49983.00,145166,7506243528.00,86,49246
ثزاگرس-ت,13991006,52482.00,52482,47960,52177.00,2382506,124313094309.00,1586,49983
ثزاگرس-ت,13991007,54000.00,54000,49569,50880.00,2541461,129310459976.00,2226,52177
ثزاگرس-ت,13991008,48336.00,50700,48336,48728.00,915402,44605720560.00,670,50880
ثزاگرس-ت,13991009,46292.00,47000,46292,46296.00,565846,26196231207.00,389,48728
ثزاگرس-ت,13991010,0.00,0,0,46296.00,0,0.00,0,46296
ثزاگرس-ت,13991013,0.00,0,0,46296.00,0,0.00,0,46296
ثزاگرس-ت,13991014,48610.00,48610,48610,47159.00,161045,7828397450.00,65,46296
ثزاگرس-ت,13991015,49516.00,49516,49516,49134.00,361937,17921672492.00,159,47159
ثزاگرس-ت,13991016,51590.00,51590,51590,51100.00,345883,17844103970.00,124,49134
ثزاگرس-ت,13991017,53655.00,53655,49340,51635.00,1208666,62409006272.00,1004,51100
ثزاگرس-ت,13991020,49055.00,53028,49054,50451.00,585257,29526534349.00,571,51635
ثزاگرس-ت,13991021,49500.00,52973,49400,51967.00,845541,43940188601.00,841,50451
ثزاگرس-ت,13991022,0.00,0,0,51967.00,0,0.00,0,51967
ثزاگرس-ت,13991023,0.00,0,0,51967.00,0,0.00,0,51967
ثزاگرس-ت,13991024,0.00,0,0,51967.00,0,0.00,0,51967
ثزاگرس-ت,13991027,0.00,0,0,51967.00,0,0.00,0,51967
ثزاگرس-ت,13991029,0.00,0,0,51967.00,0,0.00,0,51967
ثزاگرس-ت,13991030,53000.00,53000,53000,52021.00,20277,1074681000.00,15,51967
ثزاگرس-ت,13991101,49420.00,52998,49420,49522.00,939505,46526471009.00,504,52021
ثزاگرس-ت,13991104,48678.00,51998,48678,50899.00,649032,33035001422.00,516,49522
ثزاگرس-ت,13991105,51500.00,51500,48355,49178.00,364140,17839382471.00,288,50899
ثزاگرس-ت,13991106,46721.00,51636,46720,50751.00,2107857,106976558655.00,489,49178
ثزاگرس-ت,13991107,53280.00,53288,53280,53288.00,471150,25106427395.00,234,50751
ثزاگرس-ت,13991108,0.00,0,0,53288.00,0,0.00,0,53288
ثزاگرس-ت,13991111,0.00,0,0,53288.00,0,0.00,0,53288
ثزاگرس-ت,13991112,0.00,0,0,53288.00,0,0.00,0,53288
ثزاگرس-ت,13991113,55952.00,55952,55952,55800.00,353966,19805105632.00,89,53288
ثزاگرس-ت,13991114,58590.00,58590,58590,56791.00,133314,7810867260.00,89,55800
ثزاگرس-ت,13991115,59630.00,59630,59630,59008.00,293079,17476300770.00,78,56791
ثزاگرس-ت,13991118,61958.00,61958,60188,61872.00,1428466,88382119640.00,429,59008
ثزاگرس-ت,13991119,64350.00,64965,58791,63786.00,3342941,213233027395.00,2387,61872
ثزاگرس-ت,13991120,66500.00,66975,63900,66873.00,1905208,127407553163.00,1685,63786
ثزاگرس-ت,13991121,70000.00,70216,63530,67827.00,2734233,185453833940.00,2283,66873
ثزاگرس-ت,13991125,70800.00,71218,69000,70830.00,503668,35674800506.00,494,67827
ثزاگرس-ت,13991126,74370.00,74371,72235,74295.00,912265,67776600144.00,603,70830
ثزاگرس-ت,13991127,0.00,0,0,74295.00,0,0.00,0,74295
ثزاگرس-ت,13991128,0.00,0,0,74295.00,0,0.00,0,74295
ثزاگرس-ت,13991129,0.00,0,0,74295.00,0,0.00,0,74295
ثزاگرس-ت,13991202,0.00,0,0,74295.00,0,0.00,0,74295
ثزاگرس-ت,13991203,0.00,0,0,74295.00,0,0.00,0,74295
ثزاگرس-ت,13991204,0.00,0,0,74295.00,0,0.00,0,74295
ثزاگرس-ت,13991205,0.00,0,0,74295.00,0,0.00,0,74295
ثزاگرس-ت,13991206,0.00,0,0,74295.00,0,0.00,0,74295
ثزاگرس-ت,13991209,0.00,0,0,74295.00,0,0.00,0,74295
ثزاگرس-ت,13991210,0.00,0,0,74295.00,0,0.00,0,74295
ثزاگرس-ت,13991211,70581.00,70581,70581,71488.00,203465,14360763165.00,20,74295
ثزاگرس-ت,13991212,67914.00,67914,67914,68160.00,250700,17026039800.00,62,71488
ثزاگرس-ت,13991213,64752.00,64752,64752,66580.00,124785,8080078320.00,20,68160
ثزاگرس-ت,13991216,63251.00,63251,63251,65326.00,113121,7155016371.00,18,66580
ثزاگرس-ت,13991217,62060.00,62060,62060,65248.00,7188,446087280.00,9,65326
ثزاگرس-ت,13991218,61986.00,67000,61986,62927.00,2850949,179402924038.00,2058,65248
ثزاگرس-ت,13991219,62927.00,66073,62000,65351.00,2749106,179656099568.00,2437,62927
ثزاگرس-ت,13991220,62084.00,62101,62084,62084.00,474186,29439393255.00,283,65351
ثزاگرس-ت,13991223,58980.00,58980,58980,61988.00,9991,589269180.00,27,62084
ثزاگرس-ت,13991224,58889.00,60810,58889,59061.00,991901,58582377696.00,762,61988
ثزاگرس-ت,13991225,56110.00,62014,56108,60729.00,2419092,146908709439.00,1667,59061
ثزاگرس-ت,13991226,63765.00,63765,62091,63620.00,1478048,94033968711.00,900,60729
ثزاگرس-ت,13991227,66700.00,66801,64000,66465.00,794577,52811733614.00,862,63620
ثزاگرس-ت,14000107,68900.00,68900,63142,63883.00,861925,55062189266.00,582,66465
ثزاگرس-ت,14000108,64409.00,67077,61010,65304.00,1898389,123972597364.00,1519,63883
ثزاگرس-ت,14000110,62039.00,62039,62039,63433.00,172442,10698129238.00,84,65304
ثزاگرس-ت,14000111,60262.00,60262,60262,62394.00,98635,5943942370.00,44,63433
ثزاگرس-ت,14000114,59275.00,59275,59275,59871.00,259338,15372259950.00,43,62394
ثزاگرس-ت,14000115,56878.00,56878,56878,57988.00,201615,11467457970.00,14,59871
ثزاگرس-ت,14000116,55089.00,55089,55089,57701.00,31755,1749351195.00,15,57988
ثزاگرس-ت,14000117,54816.00,54816,54816,57548.00,16952,929240832.00,10,57701
ثزاگرس-ت,14000118,54671.00,54671,54671,57542.00,700,38269700.00,4,57548
ثزاگرس-ت,14000121,54665.00,54665,54665,57518.00,2930,160168450.00,3,57542
ثزاگرس-ت,14000122,54643.00,54643,54643,57514.00,525,28687575.00,4,57518
ثزاگرس-ت,14000123,0.00,0,0,57514.00,0,0.00,0,57514
ثزاگرس-ت,14000124,0.00,0,0,57514.00,0,0.00,0,57514
ثزاگرس-ت,14000125,54639.00,54639,54639,57422.00,11162,609880518.00,7,57514
ثزاگرس-ت,14000128,54551.00,54551,54551,57419.00,314,17129014.00,3,57422
ثزاگرس-ت,14000129,54549.00,54549,54549,57418.00,100,5454900.00,1,57419
ثزاگرس-ت,14000130,54548.00,54548,54548,57417.00,92,5018416.00,1,57418
ثزاگرس-ت,14000131,54547.00,54547,54547,57416.00,139,7582033.00,1,57417
ثزاگرس-ت,14000201,54546.00,54546,54546,57396.00,2438,132983148.00,7,57416
ثزاگرس-ت,14000204,0.00,0,0,57396.00,0,0.00,0,57396
ثزاگرس-ت,14000205,54527.00,54527,54527,57395.00,106,5779862.00,1,57396
ثزاگرس-ت,14000206,54526.00,54526,54526,57393.00,300,16357800.00,2,57395
ثزاگرس-ت,14000207,54524.00,54524,54524,57386.00,889,48471836.00,2,57393
ثزاگرس-ت,14000208,0.00,0,0,57386.00,0,0.00,0,57386
ثزاگرس-ت,14000211,54517.00,54517,54517,57384.00,200,10903400.00,2,57386
ثزاگرس-ت,14000212,0.00,0,0,57384.00,0,0.00,0,57384
ثزاگرس-ت,14000213,54515.00,54515,54515,57382.00,292,15918380.00,2,57384
ثزاگرس-ت,14000215,54513.00,54513,54513,57013.00,44863,2445616719.00,11,57382
ثزاگرس-ت,14000218,54163.00,54163,54163,57005.00,1000,54163000.00,1,57013
ثزاگرس-ت,14000219,0.00,0,0,57005.00,0,0.00,0,57005
ثزاگرس-ت,14000220,54155.00,54155,54155,57003.00,215,11643325.00,1,57005
ثزاگرس-ت,14000221,0.00,0,0,57003.00,0,0.00,0,57003
ثزاگرس-ت,14000222,54153.00,54153,54153,57001.00,200,10830600.00,2,57003
ثزاگرس-ت,14000225,0.00,0,0,57001.00,0,0.00,0,57001
ثزاگرس-ت,14000226,0.00,0,0,57001.00,0,0.00,0,57001
ثزاگرس-ت,14000227,0.00,0,0,57001.00,0,0.00,0,57001
ثزاگرس-ت,14000228,0.00,0,0,57001.00,0,0.00,0,57001
ثزاگرس-ت,14000229,0.00,0,0,57001.00,0,0.00,0,57001
ثزاگرس-ت,14000301,0.00,0,0,57001.00,0,0.00,0,57001
ثزاگرس-ت,14000302,0.00,0.00,0.00,57001.00,0,0.00,0,57001.00
